Date,Optimized TP,Optimized SL,Time Offset,Percentage Change,ROI
1/1/2024 1:00,0.009,0.01,50,0.0001,0.82938
1/1/2024 17:00,0.013,0.005,90,0.0003,1.2291
1/2/2024 23:00,0.012,0.01,50,0.0002,1.12917
1/6/2024 1:00,0.01,0.012,80,0.0007,0.92931
1/6/2024 5:00,0.013,0.012,20,0.0014,1.2291
1/6/2024 21:00,0.013,0.011,20,0.0002,1.2291
1/7/2024 5:00,0.012,0.011,30,0.0013,1.12917
1/8/2024 0:00,0.008,0.013,100,0.0003,0.72945
1/8/2024 21:00,0.013,0.009,30,0.0006,1.2291
1/11/2024 17:00,0.013,0.013,110,0.0012,1.2291
1/12/2024 17:00,0.013,0.009,110,0.0014,1.2291
1/14/2024 2:00,0.013,0.009,20,0.0008,1.2291
1/14/2024 9:00,0.013,0.005,30,0.0003,1.2291
1/15/2024 1:00,0.003,0.011,50,0.0002,0.2298
1/15/2024 17:00,0.011,0.011,110,0.0001,1.02924
1/15/2024 23:00,0.013,0.006,90,0.0004,1.2291
1/16/2024 17:00,0.013,0.011,50,0.0009,1.2291
1/17/2024 21:00,0.013,0.01,60,0.0004,1.2291
1/18/2024 18:00,0.013,0.01,70,0.0008,1.2291
1/19/2024 5:00,0.008,0.006,60,0.0005,0.72945
1/20/2024 1:00,0.013,0.007,110,0.0003,1.2291
1/20/2024 9:00,0.009,0.009,30,0.0008,0.82938
1/21/2024 16:00,0.013,0.011,50,0.0011,1.2291
1/22/2024 1:00,0.013,0.009,60,0.0012,1.2291
1/22/2024 18:00,0.013,0.013,80,0.0009,1.2291
1/23/2024 17:00,0.011,0.01,30,0.0012,1.02924
1/24/2024 17:00,0.013,0.008,100,0.0004,1.2291
1/26/2024 17:00,0.013,0.005,90,0.0005,1.2291
1/27/2024 1:00,0.012,0.012,80,0.0006,1.12917
1/27/2024 17:00,0.013,0.008,10,0.0002,1.2291
1/28/2024 1:00,0.011,0.005,110,0.0005,1.02924
1/28/2024 17:00,0.013,0.004,50,0.0014,1.2291
1/30/2024 9:00,0.013,0.012,20,0.0009,1.2291
1/30/2024 12:00,0.013,0.009,30,0.0008,1.2291
1/30/2024 17:00,0.009,0.01,90,0.0004,0.82938
2/4/2024 5:00,0.006,0.009,30,0.0012,0.52959
2/9/2024 1:00,0.013,0.009,80,0.0011,1.2291
2/10/2024 23:00,0.007,0.005,0,0.0012,0.62952
2/11/2024 22:00,0.013,0.011,10,0.0006,1.2291
2/14/2024 1:00,0.013,0.004,60,0.0006,1.2291
2/14/2024 11:00,0.008,0.011,80,0.0012,0.72945
2/17/2024 1:00,0.003,0.009,40,0.0007,0.2298
2/17/2024 17:00,0.013,0.007,10,0.0002,1.2291
2/18/2024 2:00,0.005,0.003,10,0.0008,0.42966
2/19/2024 0:00,0.013,0.01,30,0.0014,1.2291
2/19/2024 9:00,0.013,0.003,80,0.0005,1.2291
2/19/2024 13:00,0.013,0.009,50,0.0004,1.2291
2/19/2024 19:00,0.013,0.008,70,0.0012,1.2291
2/21/2024 1:00,0.013,0.004,80,0.0002,1.2291
2/22/2024 9:00,0.013,0.008,0,0.0014,1.2291
2/25/2024 9:00,0.013,0.008,60,0.0007,1.2291
2/26/2024 18:00,0.005,0.011,30,0.0005,0.42966
2/28/2024 14:00,0.009,0.005,10,0.0003,0.82938
2/29/2024 17:00,0.012,0.007,50,0.0014,1.12917
2/29/2024 23:00,0.013,0.01,50,0.0007,1.2291
3/1/2024 20:00,0.011,0.008,30,0.0013,1.02924
3/2/2024 17:00,0.012,0.003,100,0.0014,1.12917
3/3/2024 20:00,0.003,0.01,30,0.0003,0.2298
3/4/2024 9:00,0.012,0.012,40,0.0007,1.12917
3/4/2024 22:00,0.013,0.013,10,0.0005,1.2291
3/5/2024 21:00,0.013,0.013,70,0.0012,1.2291
3/8/2024 16:00,0.011,0.012,110,0.001,1.02924
3/8/2024 21:00,0.013,0.01,80,0.0014,1.2291
3/10/2024 2:00,0.011,0.013,110,0.0012,1.02924
3/11/2024 9:00,0.009,0.013,60,0.0013,0.82938
3/12/2024 18:00,0.013,0.012,100,0.0005,1.2291
3/13/2024 1:00,0.013,0.007,60,0.0012,1.2291
3/13/2024 4:00,0.013,0.012,20,0.0008,1.2291
3/13/2024 20:00,0.011,0.011,50,0.0013,1.02924
3/15/2024 5:00,0.013,0.01,50,0.0008,1.2291
3/15/2024 21:00,0.013,0.013,40,0.0013,1.2291
3/16/2024 20:00,0.012,0.008,80,0.0007,1.12917
3/17/2024 3:00,0.013,0.01,50,0.0002,1.2291
3/17/2024 10:00,0.011,0.007,70,0.0004,1.02924
3/17/2024 19:00,0.011,0.006,40,0.0012,1.02924
3/21/2024 9:00,0.012,0.011,40,0.0006,1.12917
3/21/2024 19:00,0.011,0.006,10,0.0005,1.02924
3/22/2024 2:00,0.013,0.006,20,0.0011,1.2291
3/22/2024 17:00,0.012,0.011,20,0.0003,1.12917
3/24/2024 9:00,0.01,0.013,90,0.0013,0.92931
3/24/2024 17:00,0.005,0.011,0,0.0007,0.42966
3/24/2024 19:00,0.007,0.003,20,0.0014,-0.36978
3/25/2024 8:00,0.013,0.005,40,0.001,1.2291
3/25/2024 10:00,0.011,0.013,110,0.0002,1.02924
3/25/2024 18:00,0.013,0.01,20,0.0012,1.2291
3/27/2024 1:00,0.013,0.012,100,0.0012,1.2291
3/27/2024 5:00,0.013,0.007,50,0.0003,1.2291
3/27/2024 11:00,0.003,0.012,90,0.0007,0.2298
3/28/2024 0:00,0.013,0.011,90,0.0004,1.2291
3/28/2024 13:00,0.013,0.012,80,0.0007,1.2291
3/28/2024 21:00,0.003,0.009,60,0.001,0.2298
3/30/2024 1:00,0.013,0.013,30,0.0005,1.2291
3/30/2024 17:00,0.007,0.008,50,0.0004,0.62952
3/31/2024 21:00,0.013,0.009,100,0.0002,1.2291
4/3/2024 17:00,0.013,0.005,30,0.0004,1.2291
4/5/2024 20:00,0.013,0.007,90,0.0009,1.2291
4/6/2024 9:00,0.005,0.003,0,0.0014,0.42966
4/7/2024 2:00,0.006,0.01,50,0.0002,0.52959
4/7/2024 9:00,0.004,0.008,90,0.0014,0.32973
4/8/2024 10:00,0.013,0.009,0,0.0014,1.2291
4/10/2024 21:00,0.013,0.006,70,0.001,1.2291
4/11/2024 22:00,0.013,0.01,30,0.0011,1.2291
4/12/2024 10:00,0.013,0.013,80,0.0002,1.2291
4/12/2024 22:00,0.003,0.007,40,0.0011,0.2298
4/13/2024 1:00,0.009,0.008,40,0.0003,0.82938
4/13/2024 21:00,0.013,0.009,110,0.0007,1.2291
4/14/2024 1:00,0.012,0.007,40,0.001,1.12917
4/14/2024 6:00,0.013,0.013,60,0.0004,1.2291
4/15/2024 21:00,0.01,0.011,100,0.0002,0.92931
4/17/2024 13:00,0.012,0.003,0,0.0013,1.12917
4/17/2024 17:00,0.011,0.011,110,0.0002,1.02924
4/18/2024 16:00,0.006,0.008,20,0.0009,0.52959
4/19/2024 16:00,0.013,0.012,110,0.0006,1.2291
4/20/2024 3:00,0.012,0.011,30,0.001,1.12917
4/20/2024 21:00,0.003,0.01,60,0.0004,0.2298
4/21/2024 21:00,0.008,0.011,80,0.0013,0.72945
4/22/2024 16:00,0.012,0.008,30,0.0006,1.12917
4/24/2024 22:00,0.013,0.012,10,0.0001,1.2291
4/25/2024 9:00,0.013,0.008,90,0.0008,1.2291
4/25/2024 22:00,0.009,0.003,50,0.0009,-0.36978
4/26/2024 21:00,0.013,0.012,100,0.0013,1.2291
4/27/2024 5:00,0.013,0.008,110,0.0001,1.2291
4/27/2024 13:00,0.008,0.01,60,0.0003,0.72945
4/28/2024 9:00,0.013,0.01,80,0.0003,1.2291
4/29/2024 5:00,0.013,0.013,50,0.0007,1.2291
4/29/2024 10:00,0.013,0.01,60,0.0011,1.2291
4/30/2024 4:00,0.013,0.007,0,0.0005,1.2291
4/30/2024 18:00,0.013,0.005,0,0.0001,1.2291
5/4/2024 12:00,0.013,0.013,60,0.0012,1.2291
5/5/2024 12:00,0.009,0.009,80,0.0011,0.82938
5/5/2024 19:00,0.013,0.006,70,0.0013,1.2291
5/6/2024 5:00,0.013,0.006,30,0.0001,1.2291
5/7/2024 6:00,0.013,0.006,60,0.0011,1.2291
5/8/2024 21:00,0.013,0.007,60,0.0012,1.2291
5/9/2024 16:00,0.011,0.009,40,0.0009,1.02924
5/10/2024 13:00,0.005,0.006,30,0.0007,0.42966
5/11/2024 0:00,0.007,0.007,30,0.0005,0.62952
5/11/2024 11:00,0.003,0.012,40,0.0014,0.2298
5/12/2024 2:00,0.011,0.007,60,0.0011,1.02924
5/12/2024 21:00,0.01,0.007,100,0.0013,0.92931
5/13/2024 11:00,0.013,0.011,50,0.0013,1.2291
5/15/2024 19:00,0.013,0.01,70,0.0003,1.2291
5/17/2024 1:00,0.013,0.013,110,0.0005,1.2291
5/17/2024 17:00,0.013,0.004,110,0.0002,1.2291
5/17/2024 21:00,0.013,0.01,20,0.0004,1.2291
5/18/2024 13:00,0.006,0.009,80,0.001,0.52959
5/18/2024 18:00,0.01,0.013,110,0.0008,0.92931
5/18/2024 21:00,0.008,0.013,110,0.0009,0.72945
5/19/2024 11:00,0.013,0.007,40,0.0013,1.2291
5/20/2024 2:00,0.013,0.008,60,0.0003,1.2291
5/20/2024 13:00,0.005,0.006,10,0.0013,0.42966
5/20/2024 17:00,0.01,0.003,100,0.0007,-0.36978
5/20/2024 22:00,0.013,0.009,90,0.0008,1.2291
5/21/2024 18:00,0.012,0.013,50,0.0007,1.12917
5/21/2024 22:00,0.003,0.005,110,0.0014,0.2298
5/23/2024 1:00,0.013,0.011,20,0.0004,1.2291
5/23/2024 4:00,0.013,0.01,10,0.0006,1.2291
5/25/2024 9:00,0.008,0.006,80,0.0005,0.72945
5/25/2024 20:00,0.011,0.013,50,0.0002,1.02924
5/27/2024 0:00,0.012,0.009,50,0.0002,1.12917
5/27/2024 9:00,0.006,0.004,30,0.0011,0.52959
5/27/2024 14:00,0.011,0.01,100,0.0009,1.02924
5/29/2024 15:00,0.013,0.005,80,0.0012,1.2291
5/30/2024 13:00,0.013,0.01,0,0.0014,1.2291
5/31/2024 17:00,0.013,0.004,40,0.0002,-0.46971
6/1/2024 1:00,0.005,0.008,80,0.0014,0.42966
6/2/2024 0:00,0.013,0.009,110,0.0012,1.2291
6/2/2024 17:00,0.011,0.012,20,0.0012,1.02924
6/4/2024 2:00,0.013,0.012,0,0.0005,1.2291
6/6/2024 0:00,0.01,0.008,50,0.0008,0.92931
6/7/2024 18:00,0.009,0.011,0,0.0009,0.82938
6/8/2024 0:00,0.012,0.013,20,0.0011,1.12917
6/10/2024 7:00,0.013,0.011,0,0.0003,1.2291
6/10/2024 9:00,0.013,0.012,70,0.0004,1.2291
6/11/2024 13:00,0.004,0.013,60,0.0008,0.32973
6/11/2024 16:00,0.006,0.011,20,0.001,0.52959
6/13/2024 17:00,0.012,0.012,30,0.0013,1.12917
6/14/2024 17:00,0.009,0.008,40,0.0006,0.82938
6/16/2024 12:00,0.006,0.01,30,0.001,0.52959
6/16/2024 18:00,0.013,0.007,50,0.0003,1.2291
6/17/2024 5:00,0.013,0.008,110,0.0013,1.2291
6/17/2024 13:00,0.013,0.006,80,0.0002,1.2291
6/17/2024 17:00,0.013,0.006,20,0.0012,1.2291
6/18/2024 17:00,0.011,0.007,20,0.0001,1.02924
6/20/2024 19:00,0.013,0.007,60,0.0002,1.2291
6/21/2024 9:00,0.013,0.005,10,0.001,1.2291
6/21/2024 21:00,0.013,0.013,100,0.0003,1.2291
6/22/2024 5:00,0.004,0.012,0,0.0011,0.32973
6/23/2024 13:00,0.012,0.011,0,0.0006,1.12917
6/24/2024 3:00,0.003,0.003,0,0.0004,0.2298
6/25/2024 5:00,0.012,0.006,50,0.0009,1.12917
6/25/2024 13:00,0.013,0.012,110,0.0007,1.2291
6/26/2024 14:00,0.013,0.006,0,0.0006,1.2291
6/28/2024 17:00,0.013,0.005,10,0.001,1.2291
6/29/2024 4:00,0.013,0.013,0,0.0002,1.2291
6/30/2024 7:00,0.004,0.013,10,0.0011,0.32973
6/30/2024 19:00,0.013,0.013,50,0.0013,1.2291
7/2/2024 9:00,0.013,0.013,70,0.0012,1.2291
7/4/2024 9:00,0.013,0.013,100,0.0006,1.2291
7/6/2024 11:00,0.013,0.011,20,0.0005,1.2291
7/7/2024 1:00,0.009,0.004,30,0.0008,0.82938
7/7/2024 9:00,0.013,0.009,80,0.0013,1.2291
7/7/2024 13:00,0.013,0.008,50,0.0013,1.2291
7/8/2024 2:00,0.013,0.003,110,0.0013,1.2291
7/9/2024 6:00,0.013,0.01,50,0.0014,1.2291
7/11/2024 17:00,0.004,0.006,10,0.0008,0.32973
7/11/2024 19:00,0.005,0.009,80,0.0012,0.42966
7/13/2024 17:00,0.013,0.011,0,0.0004,1.2291
7/14/2024 5:00,0.012,0.011,60,0.0009,1.12917
7/15/2024 1:00,0.013,0.009,90,0.0007,1.2291
7/15/2024 19:00,0.013,0.008,110,0.0007,1.2291
7/16/2024 21:00,0.013,0.011,0,0.0002,1.2291
7/18/2024 21:00,0.011,0.007,90,0.0004,1.02924
7/19/2024 4:00,0.011,0.011,20,0.0004,1.02924
7/19/2024 9:00,0.003,0.007,90,0.0011,0.2298
7/19/2024 18:00,0.013,0.011,20,0.001,1.2291
7/20/2024 2:00,0.013,0.004,0,0.0004,1.2291
7/21/2024 14:00,0.012,0.011,20,0.0014,1.12917
7/21/2024 23:00,0.013,0.012,90,0.0014,1.2291
7/22/2024 21:00,0.013,0.003,100,0.0007,-0.36978
7/23/2024 0:00,0.006,0.008,90,0.0001,0.52959
7/23/2024 5:00,0.013,0.009,30,0.0009,1.2291
7/25/2024 23:00,0.004,0.003,50,0.0012,-0.36978
7/26/2024 17:00,0.013,0.008,60,0.0002,1.2291
7/27/2024 11:00,0.009,0.003,10,0.0004,-0.36978
7/27/2024 13:00,0.013,0.006,40,0.0011,1.2291
7/27/2024 15:00,0.013,0.003,90,0.0007,1.2291
7/27/2024 17:00,0.013,0.005,50,0.0012,1.2291
7/28/2024 5:00,0.013,0.007,80,0.0011,1.2291
7/29/2024 0:00,0.007,0.008,50,0.0004,0.62952
7/29/2024 20:00,0.006,0.009,70,0.0011,0.52959
7/30/2024 16:00,0.013,0.007,30,0.0002,1.2291
7/31/2024 22:00,0.012,0.003,0,0.0008,1.12917
