Signal Strength: Strong,,,,,,,,,,,,,,,,,,,,,,,,,
Order Execution: Immediately,,,,,,,,,,,,,,,,,,,,,,,,,
Investment,100000,,,,,,,,,,,,,,,,,,,,,,,,
Leverage,1,,,,,,,,,,,Jan,Feb,Mar,Apr,May,June,Total,,,,,,,
TP,0.009,,,,,,,,,,,,,,,,,,,,,,,,
SL,-0.0142,,,,,,,,,,,,,,,,,,,,,,,,
date,time,side,result,return,nav,cum_roi,bars 15,duration m,duration H,,Total Trades,38,27,45,37,38,32,217,,0,1,1,1,1,0
1-Jan,0,Sell,0,-1.42%,98580,-1.42%,72,1080,18,,Wins,27,18,26,25,30,24,150,,1,0,1,1,1,1
1-Jan,16,Buy,1,0.90%,99467.22,-0.53%,9,135,2.25,,Losses,11,9,19,12,8,8,67,,0,1,1,1,1,0
2-Jan,0,Sell,0,-1.42%,98054.78548,-1.95%,2,30,0.5,,Win Rate,71.05%,66.67%,57.78%,67.57%,78.95%,75.00%,69.12%,,1,1,0,0,0,1
2-Jan,22,Buy,1,0.90%,98937.27855,-1.06%,46,690,11.5,,,,,,,,,,,1,0,0,1,1,0
3-Jan,16,Buy,1,0.90%,99827.71405,-0.17%,1,15,0.25,,ROI 1x,6.66%,1.62%,-7.09%,3.09%,15.00%,8.98%,,,3,3,3,4,4,2
5-Jan,0,Buy,0,-1.42%,98410.16051,-1.59%,7,105,1.75,,ROI 2x,13.19%,2.88%,-14.28%,5.73%,31.65%,18.29%,,,,,,,,
6-Jan,0,Buy,0,-1.42%,97012.73623,-2.99%,28,420,7,,ROI 4x,25.53%,4.22%,-28.60%,9.47%,70.22%,37.67%,,,,,,,,
6-Jan,20,Buy,1,0.90%,97885.85086,-2.11%,70,1050,17.5,,ROI 8x,44.86%,1.90%,-54.83%,9.92%,169.14%,77.37%,,,,,,,,
7-Jan,0,Sell,1,0.90%,98766.82352,-1.23%,94,1410,23.5,,,,,,,,,,,,,,,,
7-Jan,4,Sell,1,0.90%,99655.72493,-0.34%,89,1335,22.25,,Cum ROI 1x,6.66%,8.39%,0.71%,3.83%,19.40%,30.12%,30.12%,,,,,,,
7-Jan,23,Buy,1,0.90%,100552.6265,0.55%,29,435,7.25,,Cum ROI 2x,13.19%,16.45%,-0.18%,5.54%,38.95%,64.37%,64.37%,,,,,,,
8-Jan,20,Sell,1,0.90%,101457.6001,1.46%,18,270,4.5,,Cum ROI 4x,25.53%,30.83%,-6.61%,2.24%,74.02%,139.58%,139.58%,,,,,,,
10-Jan,16,Buy,1,0.90%,102370.7185,2.37%,6,90,1.5,,Cum ROI 8x,44.86%,47.60%,-33.32%,-26.71%,97.25%,249.80%,249.80%,,,,,,,
11-Jan,16,Sell,1,0.90%,103292.055,3.29%,1,15,0.25,,,,,,,,,,,,,,,,
12-Jan,16,Sell,1,0.90%,104221.6835,4.22%,1,15,0.25,,,,,,,,,,,,,,,,
14-Jan,1,Sell,1,0.90%,105159.6786,5.16%,76,1140,19,,,,,,,,,,,,,,,,
15-Jan,0,Sell,0,-1.42%,103666.4112,3.67%,1,15,0.25,,,,,,,,,,,,,,,,
15-Jan,16,Sell,0,-1.42%,102194.3481,2.19%,9,135,2.25,,,,,,,,,,,,,,,,
15-Jan,22,Buy,1,0.90%,103114.0973,3.11%,45,675,11.25,,,,,,,,,,,,,,,,
16-Jan,16,Buy,0,0.90%,104042.1241,4.04%,21,315,5.25,,,,,,,,,,,,,,,,
17-Jan,0,Buy,0,-1.42%,102564.726,2.56%,50,750,12.5,,,,,,,,,,,,,,,,
17-Jan,20,Sell,1,0.90%,103487.8085,3.49%,82,1230,20.5,,,,,,,,,,,,,,,,
18-Jan,18,Sell,1,0.90%,104419.1988,4.42%,1,15,0.25,,,,,,,,,,,,,,,,
19-Jan,4,Buy,1,0.90%,105358.9716,5.36%,11,165,2.75,,,,,,,,,,,,,,,,
20-Jan,0,Sell,1,0.90%,106307.2023,6.31%,196,2940,49,,,,,,,,,,,,,,,,
20-Jan,8,Buy,0,-1.42%,104797.64,4.80%,178,2670,44.5,,,,,,,,,,,,,,,,
22-Jan,17,Sell,1,0.90%,105740.8188,5.74%,7,105,1.75,,,,,,,,,,,,,,,,
23-Jan,16,Sell,0,-1.42%,104239.2992,4.24%,31,465,7.75,,,,,,,,,,,,,,,,
24-Jan,16,Buy,1,0.90%,105177.4529,5.18%,167,2505,41.75,,,,,,,,,,,,,,,,
25-Jan,12,Sell,1,0.90%,106124.0499,6.12%,5,75,1.25,,,,,,,,,,,,,,,,
26-Jan,0,Sell,0,-1.42%,104617.0884,4.62%,42,630,10.5,,,,,,,,,,,,,,,,
26-Jan,16,Sell,0,-1.42%,103131.5258,3.13%,8,120,2,,,,,,,,,,,,,,,,
27-Jan,0,Buy,1,0.90%,104059.7095,4.06%,87,1305,21.75,,,,,,,,,,,,,,,,
28-Jan,0,Buy,1,0.90%,104996.2469,5.00%,18,270,4.5,,,,,,,,,,,,,,,,
28-Jan,16,Sell,1,0.90%,105941.2131,5.94%,12,180,3,,,,,,,,,,,,,,,,
30-Jan,8,Sell,1,0.90%,106894.684,6.89%,61,915,15.25,,,,,,,,,,,,,,,,
30-Jan,16,Buy,1,0.90%,107856.7362,7.86%,18,270,4.5,,,,,,,,,,,,,,,,
31-Jan,16,Sell,1,0.90%,108827.4468,8.83%,16,240,4,,,,,,,,,,,,,,,,
1-Feb,4,Buy,1,0.90%,109806.8938,9.81%,41,615,10.25,,,,,,,,,,,,,,,,
3-Feb,0,Sell,0,-1.42%,108247.636,8.25%,186,2790,46.5,,,,,,,,,,,,,,,,
5-Feb,8,Sell,1,0.90%,109221.8647,9.22%,29,435,7.25,,,,,,,,,,,,,,,,
7-Feb,8,Buy,1,0.90%,110204.8615,10.20%,27,405,6.75,,,,,,,,,,,,,,,,
8-Feb,0,Sell,0,-1.42%,108639.9524,8.64%,56,840,14,,,,,,,,,,,,,,,,
8-Feb,16,Buy,1,0.90%,109617.712,9.62%,41,615,10.25,,,,,,,,,,,,,,,,
9-Feb,9,Buy,1,0.90%,110604.2714,10.60%,10,150,2.5,,,,,,,,,,,,,,,,
10-Feb,22,Sell,0,-1.42%,109033.6908,9.03%,105,1575,26.25,,,,,,,,,,,,,,,,
11-Feb,21,Buy,1,0.90%,110014.994,10.01%,13,195,3.25,,,,,,,,,,,,,,,,
13-Feb,0,Sell,1,0.90%,111005.1289,11.01%,54,810,13.5,,,,,,,,,,,,,,,,
14-Feb,0,Buy,1,0.90%,112004.1751,12.00%,35,525,8.75,,,,,,,,,,,,,,,,
14-Feb,10,Sell,1,0.90%,113012.2126,13.01%,4,60,1,,,,,,,,,,,,,,,,
16-Feb,0,Sell,1,0.90%,114029.3226,14.03%,149,2235,37.25,,,,,,,,,,,,,,,,
17-Feb,0,Buy,0,-1.42%,112410.1062,12.41%,54,810,13.5,,,,,,,,,,,,,,,,
17-Feb,16,Buy,1,0.90%,113421.7971,13.42%,13,195,3.25,,,,,,,,,,,,,,,,
18-Feb,1,Sell,1,0.90%,114442.5933,14.44%,7,105,1.75,,,,,,,,,,,,,,,,
18-Feb,23,Sell,1,0.90%,115472.5767,15.47%,71,1065,17.75,,,,,,,,,,,,,,,,
19-Feb,18,Buy,1,0.90%,116511.8298,16.51%,78,1170,19.5,,,,,,,,,,,,,,,,
21-Feb,0,Sell,1,0.90%,117560.4363,17.56%,18,270,4.5,,,,,,,,,,,,,,,,
22-Feb,8,Sell,1,0.90%,118618.4802,18.62%,20,300,5,,,,,,,,,,,,,,,,
24-Feb,5,Sell,0,-1.42%,116934.0978,16.93%,84,1260,21,,,,,,,,,,,,,,,,
25-Feb,8,Sell,1,0.90%,117986.5047,17.99%,35,525,8.75,,,,,,,,,,,,,,,,
26-Feb,17,Sell,0,-1.42%,116311.0963,16.31%,9,135,2.25,,,,,,,,,,,,,,,,
27-Feb,2,Sell,0,-1.42%,114659.4788,14.66%,1,15,0.25,,,,,,,,,,,,,,,,
28-Feb,13,Sell,0,-1.42%,113031.3142,13.03%,3,45,0.75,,,,,,,,,,,,,,,,
29-Feb,16,Buy,0,-1.42%,111426.2695,11.43%,3,45,0.75,,,,,,,,,,,,,,,,
29-Feb,22,Buy,1,0.90%,112429.1059,12.43%,33,495,8.25,,,,,,,,,,,,,,,,
1-Mar,8,Buy,1,0.90%,113440.9679,13.44%,3,45,0.75,,,,,,,,,,,,,,,,
1-Mar,11,Buy,1,0.90%,114461.9366,14.46%,6,90,1.5,,,,,,,,,,,,,,,,
1-Mar,19,Buy,1,0.90%,115492.094,15.49%,7,105,1.75,,,,,,,,,,,,,,,,
2-Mar,16,Sell,0,-1.42%,113852.1063,13.85%,98,1470,24.5,,,,,,,,,,,,,,,,
3-Mar,19,Sell,0,-1.42%,112235.4064,12.24%,21,315,5.25,,,,,,,,,,,,,,,,
4-Mar,8,Sell,0,-1.42%,110641.6636,10.64%,3,45,0.75,,,,,,,,,,,,,,,,
4-Mar,21,Buy,1,0.90%,111637.4386,11.64%,8,120,2,,,,,,,,,,,,,,,,
5-Mar,10,Sell,0,-1.42%,110052.187,10.05%,12,180,3,,,,,,,,,,,,,,,,
5-Mar,20,Buy,1,0.90%,111042.6566,11.04%,1,15,0.25,,,,,,,,,,,,,,,,
7-Mar,14,Sell,0,-1.42%,109465.8509,9.47%,98,1470,24.5,,,,,,,,,,,,,,,,
8-Mar,15,Sell,0,-1.42%,107911.4358,7.91%,6,90,1.5,,,,,,,,,,,,,,,,
8-Mar,20,Buy,1,0.90%,108882.6388,8.88%,128,1920,32,,,,,,,,,,,,,,,,
10-Mar,1,Sell,0,-1.42%,107336.5053,7.34%,12,180,3,,,,,,,,,,,,,,,,
11-Mar,8,Sell,0,-1.42%,105812.3269,5.81%,21,315,5.25,,,,,,,,,,,,,,,,
12-Mar,17,Sell,1,0.90%,106764.6378,6.76%,1,15,0.25,,,,,,,,,,,,,,,,
13-Mar,0,Buy,1,0.90%,107725.5196,7.73%,6,90,1.5,,,,,,,,,,,,,,,,
13-Mar,3,Buy,1,0.90%,108695.0493,8.70%,14,210,3.5,,,,,,,,,,,,,,,,
13-Mar,19,Buy,1,0.90%,109673.3047,9.67%,48,720,12,,,,,,,,,,,,,,,,
14-Mar,16,Sell,1,0.90%,110660.3645,10.66%,1,15,0.25,,,,,,,,,,,,,,,,
15-Mar,4,Buy,0,-1.42%,109088.9873,9.09%,3,45,0.75,,,,,,,,,,,,,,,,
15-Mar,20,Sell,0,-1.42%,107539.9237,7.54%,1,15,0.25,,,,,,,,,,,,,,,,
16-Mar,19,Sell,1,0.90%,108507.783,8.51%,9,135,2.25,,,,,,,,,,,,,,,,
17-Mar,2,Sell,1,0.90%,109484.353,9.48%,18,270,4.5,,,,,,,,,,,,,,,,
17-Mar,9,Sell,0,-1.42%,107929.6752,7.93%,23,345,5.75,,,,,,,,,,,,,,,,
17-Mar,18,Buy,0,-1.42%,106397.0738,6.40%,26,390,6.5,,,,,,,,,,,,,,,,
19-Mar,0,Buy,0,-1.42%,104886.2354,4.89%,6,90,1.5,,,,,,,,,,,,,,,,
19-Mar,9,Sell,1,0.90%,105830.2115,5.83%,7,105,1.75,,,,,,,,,,,,,,,,
21-Mar,8,Sell,1,0.90%,106782.6834,6.78%,28,420,7,,,,,,,,,,,,,,,,
21-Mar,18,Sell,1,0.90%,107743.7275,7.74%,2,30,0.5,,,,,,,,,,,,,,,,
22-Mar,1,Buy,1,0.90%,108713.4211,8.71%,19,285,4.75,,,,,,,,,,,,,,,,
22-Mar,16,Sell,1,0.90%,109691.8419,9.69%,2,30,0.5,,,,,,,,,,,,,,,,
24-Mar,8,Sell,0,-1.42%,108134.2177,8.13%,16,240,4,,,,,,,,,,,,,,,,
24-Mar,16,Sell,1,0.90%,109107.4257,9.11%,4,60,1,,,,,,,,,,,,,,,,
24-Mar,18,Sell,0,-1.42%,107558.1002,7.56%,10,150,2.5,,,,,,,,,,,,,,,,
25-Mar,7,Buy,1,0.90%,108526.1231,8.53%,27,405,6.75,,,,,,,,,,,,,,,,
25-Mar,17,Sell,1,0.90%,109502.8582,9.50%,18,270,4.5,,,,,,,,,,,,,,,,
26-Mar,0,Sell,0,-1.42%,107947.9177,7.95%,29,435,7.25,,,,,,,,,,,,,,,,
27-Mar,0,Sell,0,-1.42%,106415.0572,6.42%,52,780,13,,,,,,,,,,,,,,,,
27-Mar,23,Buy,1,0.90%,107372.7927,7.37%,29,435,7.25,,,,,,,,,,,,,,,,
28-Mar,12,Sell,1,0.90%,108339.1479,8.34%,72,1080,18,,,,,,,,,,,,,,,,
28-Mar,20,Buy,0,-1.42%,106800.732,6.80%,54,810,13.5,,,,,,,,,,,,,,,,
30-Mar,0,Buy,1,0.90%,107761.9386,7.76%,119,1785,29.75,,,,,,,,,,,,,,,,
30-Mar,17,Sell,1,0.90%,108731.796,8.73%,34,510,8.5,,,,,,,,,,,,,,,,
31-Mar,8,Sell,1,0.90%,109710.3822,9.71%,87,1305,21.75,,,,,,,,,,,,,,,,
1-Apr,6,Buy,1,0.90%,110697.7756,10.70%,4,60,1,,,,,,,,,,,,,,,,
3-Apr,16,Sell,1,0.90%,111694.0556,11.69%,49,735,12.25,,,,,,,,,,,,,,,,
4-Apr,0,Buy,1,0.90%,112699.3021,12.70%,48,720,12,,,,,,,,,,,,,,,,
5-Apr,2,Buy,0,-1.42%,111098.972,11.10%,13,195,3.25,,,,,,,,,,,,,,,,
5-Apr,19,Buy,1,0.90%,112098.8628,12.10%,80,1200,20,,,,,,,,,,,,,,,,
6-Apr,8,Sell,0,-1.42%,110507.0589,10.51%,59,885,14.75,,,,,,,,,,,,,,,,
7-Apr,1,Sell,0,-1.42%,108937.8587,8.94%,61,915,15.25,,,,,,,,,,,,,,,,
8-Apr,9,Sell,1,0.90%,109918.2994,9.92%,22,330,5.5,,,,,,,,,,,,,,,,
10-Apr,20,Buy,1,0.90%,110907.5641,10.91%,9,135,2.25,,,,,,,,,,,,,,,,
11-Apr,4,Sell,1,0.90%,111905.7322,11.91%,30,450,7.5,,,,,,,,,,,,,,,,
11-Apr,21,Buy,1,0.90%,112912.8838,12.91%,31,465,7.75,,,,,,,,,,,,,,,,
12-Apr,9,Sell,1,0.90%,113929.0997,13.93%,16,240,4,,,,,,,,,,,,,,,,
12-Apr,21,Buy,0,-1.42%,112311.3065,12.31%,19,285,4.75,,,,,,,,,,,,,,,,
13-Apr,0,Sell,1,0.90%,113322.1083,13.32%,4,60,1,,,,,,,,,,,,,,,,
13-Apr,20,Buy,0,-1.42%,111712.9343,11.71%,1,15,0.25,,,,,,,,,,,,,,,,
14-Apr,0,Sell,1,0.90%,112718.3507,12.72%,1,15,0.25,,,,,,,,,,,,,,,,
14-Apr,5,Sell,1,0.90%,113732.8159,13.73%,48,720,12,,,,,,,,,,,,,,,,
15-Apr,7,Buy,0,-1.42%,112117.8099,12.12%,28,420,7,,,,,,,,,,,,,,,,
15-Apr,20,Sell,1,0.90%,113126.8702,13.13%,5,75,1.25,,,,,,,,,,,,,,,,
17-Apr,12,Buy,0,-1.42%,111520.4686,11.52%,9,135,2.25,,,,,,,,,,,,,,,,
17-Apr,16,Sell,1,0.90%,112524.1528,12.52%,1,15,0.25,,,,,,,,,,,,,,,,
18-Apr,15,Buy,0,-1.42%,110926.3099,10.93%,11,165,2.75,,,,,,,,,,,,,,,,
19-Apr,15,Sell,1,0.90%,111924.6467,11.92%,5,75,1.25,,,,,,,,,,,,,,,,
20-Apr,2,Buy,1,0.90%,112931.9685,12.93%,11,165,2.75,,,,,,,,,,,,,,,,
20-Apr,20,Sell,1,0.90%,113948.3562,13.95%,82,1230,20.5,,,,,,,,,,,,,,,,
21-Apr,20,Sell,0,-1.42%,112330.2895,12.33%,21,315,5.25,,,,,,,,,,,,,,,,
22-Apr,15,Buy,1,0.90%,113341.2621,13.34%,9,135,2.25,,,,,,,,,,,,,,,,
23-Apr,4,Sell,1,0.90%,114361.3335,14.36%,30,450,7.5,,,,,,,,,,,,,,,,
24-Apr,21,Sell,1,0.90%,115390.5855,15.39%,53,795,13.25,,,,,,,,,,,,,,,,
25-Apr,8,Buy,0,-1.42%,113752.0392,13.75%,26,390,6.5,,,,,,,,,,,,,,,,
25-Apr,21,Buy,0,-1.42%,112136.7602,12.14%,65,975,16.25,,,,,,,,,,,,,,,,
26-Apr,20,Sell,1,0.90%,113145.9911,13.15%,18,270,4.5,,,,,,,,,,,,,,,,
27-Apr,4,Buy,1,0.90%,114164.305,14.16%,55,825,13.75,,,,,,,,,,,,,,,,
27-Apr,12,Sell,0,-1.42%,112543.1719,12.54%,59,885,14.75,,,,,,,,,,,,,,,,
28-Apr,8,Sell,1,0.90%,113556.0604,13.56%,9,135,2.25,,,,,,,,,,,,,,,,
29-Apr,4,Buy,1,0.90%,114578.065,14.58%,41,615,10.25,,,,,,,,,,,,,,,,
30-Apr,3,Sell,1,0.90%,115609.2675,15.61%,10,150,2.5,,,,,,,,,,,,,,,,
2-May,9,Buy,1,0.90%,116649.751,16.65%,9,135,2.25,,,,,,,,,,,,,,,,
3-May,0,Buy,1,0.90%,117699.5987,17.70%,8,120,2,,,,,,,,,,,,,,,,
3-May,5,Buy,1,0.90%,118758.8951,18.76%,30,450,7.5,,,,,,,,,,,,,,,,
3-May,12,Sell,0,-1.42%,117072.5188,17.07%,3,45,0.75,,,,,,,,,,,,,,,,
4-May,11,Sell,1,0.90%,118126.1715,18.13%,3,45,0.75,,,,,,,,,,,,,,,,
5-May,11,Sell,0,-1.42%,116448.7798,16.45%,85,1275,21.25,,,,,,,,,,,,,,,,
5-May,18,Buy,1,0.90%,117496.8188,17.50%,57,855,14.25,,,,,,,,,,,,,,,,
6-May,4,Buy,1,0.90%,118554.2902,18.55%,9,135,2.25,,,,,,,,,,,,,,,,
7-May,5,Buy,1,0.90%,119621.2788,19.62%,13,195,3.25,,,,,,,,,,,,,,,,
8-May,8,Buy,1,0.90%,120697.8703,20.70%,27,405,6.75,,,,,,,,,,,,,,,,
8-May,20,Sell,1,0.90%,121784.1512,21.78%,1,15,0.25,,,,,,,,,,,,,,,,
9-May,15,Sell,0,-1.42%,120054.8162,20.05%,4,60,1,,,,,,,,,,,,,,,,
10-May,12,Buy,0,-1.42%,118350.0378,18.35%,9,135,2.25,,,,,,,,,,,,,,,,
11-May,0,Sell,0,-1.42%,116669.4673,16.67%,161,2415,40.25,,,,,,,,,,,,,,,,
12-May,1,Buy,1,0.90%,117719.4925,17.72%,59,885,14.75,,,,,,,,,,,,,,,,
12-May,20,Sell,1,0.90%,118778.9679,18.78%,29,435,7.25,,,,,,,,,,,,,,,,
13-May,10,Sell,1,0.90%,119847.9786,19.85%,2,30,0.5,,,,,,,,,,,,,,,,
14-May,4,Sell,1,0.90%,120926.6105,20.93%,8,120,2,,,,,,,,,,,,,,,,
15-May,11,Buy,1,0.90%,122014.9499,22.01%,6,90,1.5,,,,,,,,,,,,,,,,
15-May,18,Buy,1,0.90%,123113.0845,23.11%,3,45,0.75,,,,,,,,,,,,,,,,
16-May,3,Sell,1,0.90%,124221.1023,24.22%,54,810,13.5,,,,,,,,,,,,,,,,
17-May,0,Buy,1,0.90%,125339.0922,25.34%,14,210,3.5,,,,,,,,,,,,,,,,
17-May,16,Buy,0,-1.42%,123559.2771,23.56%,204,3060,51,,,,,,,,,,,,,,,,
18-May,12,Sell,1,0.90%,124671.3106,24.67%,10,150,2.5,,,,,,,,,,,,,,,,
18-May,17,Sell,1,0.90%,125793.3524,25.79%,104,1560,26,,,,,,,,,,,,,,,,
19-May,10,Sell,1,0.90%,126925.4925,26.93%,36,540,9,,,,,,,,,,,,,,,,
20-May,1,Buy,1,0.90%,128067.822,28.07%,14,210,3.5,,,,,,,,,,,,,,,,
20-May,12,Sell,0,-1.42%,126249.2589,26.25%,18,270,4.5,,,,,,,,,,,,,,,,
20-May,21,Sell,0,-1.42%,124456.5194,24.46%,9,135,2.25,,,,,,,,,,,,,,,,
21-May,17,Sell,1,0.90%,125576.6281,25.58%,112,1680,28,,,,,,,,,,,,,,,,
21-May,21,Buy,1,0.90%,126706.8177,26.71%,9,135,2.25,,,,,,,,,,,,,,,,
23-May,0,Sell,1,0.90%,127847.1791,27.85%,54,810,13.5,,,,,,,,,,,,,,,,
24-May,8,Buy,1,0.90%,128997.8037,29.00%,25,375,6.25,,,,,,,,,,,,,,,,
25-May,9,Buy,1,0.90%,130158.7839,30.16%,8,120,2,,,,,,,,,,,,,,,,
25-May,20,Sell,1,0.90%,131330.213,31.33%,100,1500,25,,,,,,,,,,,,,,,,
26-May,23,Buy,1,0.90%,132512.1849,32.51%,10,150,2.5,,,,,,,,,,,,,,,,
27-May,8,Sell,0,-1.42%,130630.5119,30.63%,28,420,7,,,,,,,,,,,,,,,,
29-May,14,Buy,1,0.90%,131806.1865,31.81%,95,1425,23.75,,,,,,,,,,,,,,,,
1-Jun,0,Sell,0,-1.42%,129934.5386,29.93%,197,2955,49.25,,,,,,,,,,,,,,,,
1-Jun,23,Buy,1,0.90%,131103.9495,31.10%,61,915,15.25,,,,,,,,,,,,,,,,
3-Jun,2,Sell,0,-1.42%,129242.2734,29.24%,42,630,10.5,,,,,,,,,,,,,,,,
4-Jun,1,Buy,1,0.90%,130405.4539,30.41%,50,750,12.5,,,,,,,,,,,,,,,,
5-Jun,0,Sell,0,-1.42%,128553.6964,28.55%,63,945,15.75,,,,,,,,,,,,,,,,
5-Jun,23,Buy,1,0.90%,129710.6797,29.71%,148,2220,37,,,,,,,,,,,,,,,,
6-Jun,8,Sell,1,0.90%,130878.0758,30.88%,48,720,12,,,,,,,,,,,,,,,,
7-Jun,17,Sell,1,0.90%,132055.9785,32.06%,2,30,0.5,,,,,,,,,,,,,,,,
7-Jun,23,Buy,1,0.90%,133244.4823,33.24%,259,3885,64.75,,,,,,,,,,,,,,,,
10-Jun,6,Sell,1,0.90%,134443.6826,34.44%,79,1185,19.75,,,,,,,,,,,,,,,,
11-Jun,12,Buy,1,0.90%,135653.6758,35.65%,31,465,7.75,,,,,,,,,,,,,,,,
11-Jun,15,Sell,1,0.90%,136874.5589,36.87%,2,30,0.5,,,,,,,,,,,,,,,,
13-Jun,4,Buy,1,0.90%,138106.4299,38.11%,34,510,8.5,,,,,,,,,,,,,,,,
13-Jun,16,Sell,1,0.90%,139349.3878,39.35%,96,1440,24,,,,,,,,,,,,,,,,
14-Jun,16,Sell,1,0.90%,140603.5323,40.60%,3,45,0.75,,,,,,,,,,,,,,,,
14-Jun,17,Buy,1,0.90%,141868.964,41.87%,14,210,3.5,,,,,,,,,,,,,,,,
16-Jun,11,Buy,0,-1.42%,139854.4248,39.85%,92,1380,23,,,,,,,,,,,,,,,,
16-Jun,17,Sell,1,0.90%,141113.1146,41.11%,56,840,14,,,,,,,,,,,,,,,,
17-Jun,4,Sell,1,0.90%,142383.1326,42.38%,23,345,5.75,,,,,,,,,,,,,,,,
17-Jun,12,Buy,1,0.90%,143664.5808,43.66%,22,330,5.5,,,,,,,,,,,,,,,,
18-Jun,2,Buy,1,0.90%,144957.562,44.96%,9,135,2.25,,,,,,,,,,,,,,,,
18-Jun,16,Sell,1,0.90%,146262.1801,46.26%,15,225,3.75,,,,,,,,,,,,,,,,
20-Jun,18,Sell,1,0.90%,147578.5397,47.58%,39,585,9.75,,,,,,,,,,,,,,,,
21-Jun,8,Buy,0,-1.42%,145482.9244,45.48%,256,3840,64,,,,,,,,,,,,,,,,
21-Jun,20,Sell,1,0.90%,146792.2708,46.79%,197,2955,49.25,,,,,,,,,,,,,,,,
23-Jun,12,Sell,1,0.90%,148113.4012,48.11%,33,495,8.25,,,,,,,,,,,,,,,,
24-Jun,2,Buy,0,-1.42%,146010.1909,46.01%,23,345,5.75,,,,,,,,,,,,,,,,
25-Jun,4,Buy,1,0.90%,147324.2826,47.32%,41,615,10.25,,,,,,,,,,,,,,,,
25-Jun,12,Sell,0,-1.42%,145232.2778,45.23%,9,135,2.25,,,,,,,,,,,,,,,,
26-Jun,13,Sell,1,0.90%,146539.3683,46.54%,16,240,4,,,,,,,,,,,,,,,,
27-Jun,8,Sell,0,-1.42%,144458.5093,44.46%,20,300,5,,,,,,,,,,,,,,,,
28-Jun,8,Buy,0,0.90%,145758.6359,45.76%,18,270,4.5,,,,,,,,,,,,,,,,
28-Jun,16,Sell,1,0.90%,147070.4636,47.07%,13,195,3.25,,,,,,,,,,,,,,,,
29-Jun,3,Buy,1,0.90%,148394.0978,48.39%,112,1680,28,,,,,,,,,,,,,,,,
30-Jun,6,Sell,0,-1.42%,146286.9016,46.29%,22,330,5.5,,,,,,,,,,,,,,,,
