DateTime,Event
1/2/2024 18:00,Atlanta Fed GDPNow (Q4)
1/3/2024 15:00,ISM Manufacturing PMI (Dec)
1/3/2024 18:00,Atlanta Fed GDPNow (Q4)
1/5/2024 13:30,Unemployment Rate (Dec)
1/5/2024 13:30,Nonfarm Payrolls (Dec)
1/5/2024 13:30,Average Hourly Earnings (YoY) (YoY) (Dec)
1/5/2024 13:30,Average Hourly Earnings (MoM) (Dec)
1/5/2024 15:00,ISM Non-Manufacturing PMI (Dec)
1/9/2024 16:30,Atlanta Fed GDPNow (Q4)
1/10/2024 18:00,Atlanta Fed GDPNow (Q4)
1/11/2024 13:30,CPI (MoM) (Dec)
1/11/2024 13:30,Core CPI Index (Dec)
1/11/2024 13:30,Core CPI (MoM) (Dec)
1/11/2024 13:30,Core CPI (YoY) (Dec)
1/11/2024 13:30,CPI (YoY) (Dec)
1/17/2024 13:30,Core Retail Sales (MoM) (Dec)
1/17/2024 13:30,Retail Sales (YoY) (Dec)
1/17/2024 13:30,Retail Sales (MoM) (Dec)
1/17/2024 18:00,Atlanta Fed GDPNow (Q4)
1/18/2024 16:30,Atlanta Fed GDPNow (Q4)
1/25/2024 13:30,Durable Goods Orders (MoM) (Dec)
1/25/2024 13:30,Core Durable Goods Orders (MoM) (Dec)
1/25/2024 15:00,New Home Sales (Dec)
1/25/2024 15:00,New Home Sales (MoM) (Dec)
1/26/2024 13:30,Core PCE Price Index (YoY) (Dec)
1/26/2024 13:30,Core PCE Price Index (MoM) (Dec)
1/26/2024 13:30,PCE Price index (YoY) (Dec)
1/26/2024 13:30,PCE price index (MoM) (Dec)
1/26/2024 16:30,Atlanta Fed GDPNow (Q1)
1/31/2024 19:00,Fed Interest Rate Decision
2/1/2024 15:00,ISM Manufacturing PMI (Jan)
2/1/2024 17:45,Atlanta Fed GDPNow (Q1)
2/1/2024 19:30,FOMC Press Conference
2/2/2024 13:30,Unemployment Rate (Jan)
2/2/2024 13:30,Average Hourly Earnings (YoY) (YoY) (Jan)
2/2/2024 13:30,Average Hourly Earnings (MoM) (Jan)
2/2/2024 13:30,Nonfarm Payrolls (Jan)
2/5/2024 15:00,ISM Non-Manufacturing PMI (Jan)
2/7/2024 16:30,Atlanta Fed GDPNow (Q1)
2/8/2024 18:00,Atlanta Fed GDPNow (Q1)
2/13/2024 13:30,Core CPI (MoM) (Jan)
2/13/2024 13:30,CPI (YoY) (Jan)
2/13/2024 13:30,Core CPI Index (Jan)
2/13/2024 13:30,Core CPI (YoY) (Jan)
2/13/2024 13:30,CPI (MoM) (Jan)
2/15/2024 13:30,Retail Sales (YoY) (Jan)
2/15/2024 13:30,Retail Sales (MoM) (Jan)
2/15/2024 13:30,Core Retail Sales (MoM) (Jan)
2/15/2024 18:00,Atlanta Fed GDPNow (Q1)
2/16/2024 16:30,Atlanta Fed GDPNow (Q1)
2/22/2024 15:00,Existing Home Sales (MoM) (Jan)
2/22/2024 15:00,Existing Home Sales (Jan)
2/26/2024 15:00,New Home Sales (Jan)
2/26/2024 15:00,New Home Sales (MoM) (Jan)
2/27/2024 13:30,Core Durable Goods Orders (MoM) (Jan)
2/27/2024 13:30,Durable Goods Orders (MoM) (Jan)
2/27/2024 16:30,Atlanta Fed GDPNow (Q1)
2/29/2024 13:30,PCE Price index (YoY) (Jan)
2/29/2024 13:30,PCE price index (MoM) (Jan)
2/29/2024 13:30,Core PCE Price Index (YoY) (Jan)
2/29/2024 13:30,Core PCE Price Index (MoM) (Jan)
2/29/2024 16:30,Atlanta Fed GDPNow (Q1)
3/1/2024 15:00,ISM Manufacturing PMI (Feb)
3/1/2024 18:00,Atlanta Fed GDPNow (Q1)
3/5/2024 15:00,ISM Non-Manufacturing PMI (Feb)
3/6/2024 18:00,Atlanta Fed GDPNow (Q1)
3/7/2024 16:30,Atlanta Fed GDPNow (Q1)
3/8/2024 13:30,Unemployment Rate (Feb)
3/8/2024 13:30,Nonfarm Payrolls (Feb)
3/8/2024 13:30,Average Hourly Earnings (MoM) (Feb)
3/8/2024 13:30,Average Hourly Earnings (YoY) (YoY) (Feb)
3/12/2024 12:30,Core CPI (MoM) (Feb)
3/12/2024 12:30,Core CPI (YoY) (Feb)
3/12/2024 12:30,Core CPI Index (Feb)
3/12/2024 12:30,CPI (YoY) (Feb)
3/12/2024 12:30,CPI (MoM) (Feb)
3/14/2024 12:30,Retail Sales (YoY) (Feb)
3/14/2024 12:30,Retail Sales (MoM) (Feb)
3/14/2024 12:30,Core Retail Sales (MoM) (Feb)
3/14/2024 18:00,Atlanta Fed GDPNow (Q1)
3/19/2024 16:30,Atlanta Fed GDPNow (Q1)
3/20/2024 18:00,Fed Interest Rate Decision
3/20/2024 18:30,FOMC Press Conference
3/21/2024 14:00,Existing Home Sales (Feb)
3/21/2024 14:00,Existing Home Sales (MoM) (Feb)
3/25/2024 14:00,New Home Sales (Feb)
3/25/2024 14:00,New Home Sales (MoM) (Feb)
3/26/2024 12:30,Core Durable Goods Orders (MoM) (Feb)
3/26/2024 12:30,Durable Goods Orders (MoM) (Feb)
3/26/2024 16:30,Atlanta Fed GDPNow (Q1)
3/29/2024 12:30,PCE price index (MoM) (Feb)
3/29/2024 12:30,PCE Price index (YoY) (Feb)
3/29/2024 12:30,Core PCE Price Index (MoM) (Feb)
3/29/2024 12:30,Core PCE Price Index (YoY) (Feb)
3/29/2024 16:30,Atlanta Fed GDPNow (Q1)
4/1/2024 14:00,ISM Manufacturing PMI (Mar)
4/1/2024 18:00,Atlanta Fed GDPNow (Q1)
4/3/2024 14:00,ISM Non-Manufacturing PMI (Mar)
4/4/2024 16:30,Atlanta Fed GDPNow (Q1)
4/5/2024 12:30,Average Hourly Earnings (MoM) (Mar)
4/5/2024 12:30,Nonfarm Payrolls (Mar)
4/5/2024 12:30,Unemployment Rate (Mar)
4/5/2024 12:30,Average Hourly Earnings (YoY) (YoY) (Mar)
4/10/2024 12:30,CPI (YoY) (Mar)
4/10/2024 12:30,Core CPI (MoM) (Mar)
4/10/2024 12:30,Core CPI Index (Mar)
4/10/2024 12:30,Core CPI (YoY) (Mar)
4/10/2024 12:30,CPI (MoM) (Mar)
4/10/2024 18:00,Atlanta Fed GDPNow (Q1)
4/15/2024 12:30,Retail Sales (MoM) (Mar)
4/15/2024 12:30,Retail Sales (YoY) (Mar)
4/15/2024 12:30,Core Retail Sales (MoM) (Mar)
4/15/2024 17:00,Atlanta Fed GDPNow (Q1)
4/16/2024 16:00,Atlanta Fed GDPNow (Q1)
4/18/2024 14:00,Existing Home Sales (MoM) (Mar)
4/18/2024 14:00,Existing Home Sales (Mar)
4/23/2024 14:00,New Home Sales (Mar)
4/23/2024 14:00,New Home Sales (MoM) (Mar)
4/24/2024 12:30,Durable Goods Orders (MoM) (Mar)
4/24/2024 12:30,Core Durable Goods Orders (MoM) (Mar)
4/24/2024 15:00,Atlanta Fed GDPNow (Q1)
4/26/2024 12:30,Core PCE Price Index (MoM) (Mar)
4/26/2024 12:30,Core PCE Price Index (YoY) (Mar)
4/26/2024 12:30,PCE price index (MoM) (Mar)
4/26/2024 12:30,PCE Price index (YoY) (Mar)
4/26/2024 16:00,Atlanta Fed GDPNow (Q2)
5/1/2024 14:00,ISM Manufacturing PMI (Apr)
5/1/2024 17:00,Atlanta Fed GDPNow (Q2)
5/1/2024 18:00,Fed Interest Rate Decision
5/1/2024 18:30,FOMC Press Conference
5/2/2024 17:00,Atlanta Fed GDPNow (Q2)
5/3/2024 12:30,Nonfarm Payrolls (Apr)
5/3/2024 12:30,Average Hourly Earnings (MoM) (Apr)
5/3/2024 12:30,Average Hourly Earnings (YoY) (YoY) (Apr)
5/3/2024 12:30,Unemployment Rate (Apr)
5/3/2024 14:00,ISM Non-Manufacturing PMI (Apr)
5/8/2024 16:00,Atlanta Fed GDPNow (Q2)
5/15/2024 12:30,Retail Sales (YoY) (Apr)
5/15/2024 12:30,Retail Sales (MoM) (Apr)
5/15/2024 12:30,CPI (YoY) (Apr)
5/15/2024 12:30,CPI (MoM) (Apr)
5/15/2024 12:30,Core Retail Sales (MoM) (Apr)
5/15/2024 12:30,Core CPI Index (Apr)
5/15/2024 12:30,Core CPI (MoM) (Apr)
5/15/2024 12:30,Core CPI (YoY) (Apr)
5/15/2024 17:00,Atlanta Fed GDPNow (Q2)
5/16/2024 14:30,Atlanta Fed GDPNow (Q2)
5/22/2024 14:00,Existing Home Sales (Apr)
5/22/2024 14:00,Existing Home Sales (MoM) (Apr)
5/23/2024 14:00,New Home Sales (Apr)
5/23/2024 14:00,New Home Sales (MoM) (Apr)
5/24/2024 12:30,Core Durable Goods Orders (MoM) (Apr)
5/24/2024 12:30,Durable Goods Orders (MoM) (Apr)
5/24/2024 14:30,Atlanta Fed GDPNow (Q2)
5/31/2024 12:30,PCE Price index (YoY) (Apr)
5/31/2024 12:30,PCE price index (MoM) (Apr)
5/31/2024 12:30,Core PCE Price Index (YoY) (Apr)
5/31/2024 12:30,Core PCE Price Index (MoM) (Apr)
5/31/2024 14:30,Atlanta Fed GDPNow (Q2)
6/3/2024 14:00,ISM Manufacturing PMI (May)
6/3/2024 16:00,Atlanta Fed GDPNow (Q2)
6/5/2024 14:00,ISM Non-Manufacturing PMI (May)
6/6/2024 14:20,Atlanta Fed GDPNow (Q2)
6/7/2024 12:30,Average Hourly Earnings (MoM) (May)
6/7/2024 12:30,Unemployment Rate (May)
6/7/2024 12:30,Nonfarm Payrolls (May)
6/7/2024 12:30,Average Hourly Earnings (YoY) (YoY) (May)
6/7/2024 17:00,Atlanta Fed GDPNow (Q2)
6/12/2024 12:30,CPI (MoM) (May)
6/12/2024 12:30,Core CPI Index (May)
6/12/2024 12:30,Core CPI (YoY) (May)
6/12/2024 12:30,Core CPI (MoM) (May)
6/12/2024 12:30,CPI (YoY) (May)
6/12/2024 18:00,Fed Interest Rate Decision
6/12/2024 18:30,FOMC Press Conference
6/18/2024 12:30,Retail Sales (YoY) (May)
6/18/2024 12:30,Retail Sales (MoM) (May)
6/18/2024 12:30,Core Retail Sales (MoM) (May)
6/18/2024 16:00,Atlanta Fed GDPNow (Q2)
6/20/2024 14:30,Atlanta Fed GDPNow (Q2)
6/21/2024 14:00,Existing Home Sales (May)
6/21/2024 14:00,Existing Home Sales (MoM) (May)
6/26/2024 14:00,New Home Sales (MoM) (May)
6/26/2024 14:00,New Home Sales (May)
6/27/2024 12:30,Durable Goods Orders (MoM) (May)
6/27/2024 12:30,Core Durable Goods Orders (MoM) (May)
6/27/2024 14:30,Atlanta Fed GDPNow (Q2)
6/28/2024 12:30,Core PCE Price Index (MoM) (May)
6/28/2024 12:30,Core PCE Price Index (YoY) (May)
6/28/2024 12:30,PCE Price index (YoY) (May)
6/28/2024 12:30,PCE price index (MoM) (May)
6/28/2024 14:30,Atlanta Fed GDPNow (Q2)
