Datetime,Signal
4/18/2023 14:58,-2
4/18/2023 18:58,-2
4/18/2023 22:58,-2
4/19/2023 10:58,2
4/19/2023 14:58,2
4/20/2023 16:58,-2
4/21/2023 18:58,-2
4/22/2023 18:58,2
4/24/2023 15:58,-2
4/24/2023 18:58,-2
4/25/2023 2:58,2
4/25/2023 6:58,2
4/26/2023 10:58,2
4/26/2023 12:58,2
4/26/2023 18:58,-2
4/27/2023 6:58,2
4/28/2023 2:58,-2
4/28/2023 10:58,2
4/28/2023 22:58,2
4/30/2023 2:58,-2
4/30/2023 14:58,-2
5/1/2023 2:58,2
5/2/2023 17:58,-2
5/2/2023 22:58,2
5/3/2023 14:58,-2
5/4/2023 2:58,-2
5/5/2023 2:58,2
5/5/2023 6:58,2
5/6/2023 18:58,2
5/8/2023 6:58,2
5/9/2023 14:58,2
5/9/2023 22:58,-2
5/10/2023 22:58,2
5/13/2023 6:58,2
5/13/2023 23:58,-2
5/14/2023 10:58,2
5/16/2023 2:58,-2
5/16/2023 11:58,2
5/18/2023 2:58,-2
5/18/2023 10:58,2
5/19/2023 10:58,-2
5/20/2023 5:58,2
5/21/2023 2:58,2
5/21/2023 14:58,2
5/21/2023 22:58,-2
5/22/2023 2:58,-2
5/23/2023 6:58,-2
5/24/2023 10:58,2
5/25/2023 22:58,2
5/26/2023 2:58,2
5/26/2023 14:58,-2
5/26/2023 18:58,-2
5/27/2023 2:58,2
5/27/2023 6:58,2
5/27/2023 18:58,-2
5/29/2023 1:58,-2
5/30/2023 9:58,-2
5/30/2023 14:58,2
5/31/2023 6:58,-2
5/31/2023 10:58,2
6/1/2023 22:58,-2
6/2/2023 10:58,-2
6/2/2023 18:58,2
6/3/2023 2:58,-2
6/3/2023 18:58,2
6/3/2023 22:58,2
6/4/2023 10:58,-2
6/5/2023 10:58,2
6/5/2023 18:58,2
6/6/2023 1:58,2
6/6/2023 9:58,2
6/6/2023 20:58,-2
6/8/2023 9:58,2
6/9/2023 0:58,-2
6/9/2023 6:58,2
6/9/2023 10:58,2
6/9/2023 18:58,-2
6/10/2023 14:58,2
6/11/2023 15:58,-2
6/11/2023 22:58,-2
6/12/2023 2:58,-2
6/12/2023 22:58,-2
6/13/2023 22:58,2
6/14/2023 23:58,2
6/15/2023 11:58,-2
6/16/2023 18:58,-2
6/18/2023 2:58,2
6/18/2023 18:58,2
6/19/2023 2:58,-2
6/20/2023 4:58,-2
6/20/2023 18:58,2
6/21/2023 2:58,2
6/21/2023 10:58,-2
6/22/2023 2:58,-2
6/23/2023 10:58,-2
6/24/2023 2:58,2
6/25/2023 2:58,-2
6/25/2023 6:58,-2
6/26/2023 4:58,2
6/26/2023 18:58,2
6/27/2023 2:58,2
6/27/2023 14:58,-2
6/27/2023 22:58,2
6/28/2023 2:58,2
6/29/2023 10:58,-2
6/30/2023 18:58,2
7/2/2023 8:58,-2
7/2/2023 18:58,-2
7/2/2023 23:58,2
7/3/2023 10:58,-2
7/4/2023 10:58,2
7/5/2023 2:58,2
7/5/2023 6:58,2
7/6/2023 11:58,-2
7/6/2023 18:58,2
7/7/2023 17:58,2
7/7/2023 20:58,-2
7/8/2023 10:58,-2
7/9/2023 2:58,2
7/10/2023 17:58,-2
7/11/2023 18:58,2
7/12/2023 21:58,2
7/13/2023 18:58,-2
7/14/2023 22:58,2
7/16/2023 2:58,-2
7/16/2023 22:58,2
7/17/2023 18:58,-2
7/18/2023 11:58,-2
7/18/2023 14:58,-2
7/19/2023 15:58,-2
7/19/2023 18:58,2
7/20/2023 2:58,2
7/20/2023 12:58,-2
7/21/2023 2:58,2
7/21/2023 7:58,2
7/21/2023 10:58,2
7/21/2023 22:58,-2
7/22/2023 14:58,2
7/22/2023 17:58,2
7/23/2023 10:58,-2
7/23/2023 14:58,-2
7/23/2023 18:58,-2
7/24/2023 10:58,2
7/25/2023 18:58,-2
7/27/2023 2:58,2
7/27/2023 18:58,2
7/29/2023 6:58,2
7/30/2023 6:58,-2
7/30/2023 10:58,-2
7/30/2023 18:58,2
7/31/2023 10:58,-2
8/1/2023 2:58,2
8/1/2023 19:58,-2
8/2/2023 21:58,2
8/3/2023 2:58,2
8/3/2023 15:58,-2
8/4/2023 20:58,2
8/5/2023 10:58,-2
8/6/2023 17:58,-2
8/7/2023 18:58,-2
8/8/2023 2:58,2
8/8/2023 18:58,2
8/8/2023 22:58,2
8/10/2023 10:58,-2
8/11/2023 2:58,2
8/11/2023 18:58,2
8/12/2023 17:58,-2
8/13/2023 2:58,2
8/13/2023 7:58,2
8/14/2023 2:58,-2
8/14/2023 18:58,-2
8/15/2023 10:58,-2
8/17/2023 6:58,2
8/17/2023 23:58,2
8/18/2023 6:58,2
8/20/2023 10:58,2
8/21/2023 2:58,-2
8/21/2023 6:58,-2
8/22/2023 2:58,2
8/22/2023 10:58,-2
8/22/2023 13:58,-2
8/23/2023 4:58,2
8/23/2023 12:58,-2
8/24/2023 10:58,2
8/24/2023 14:58,2
8/24/2023 22:58,-2
8/26/2023 11:58,2
8/27/2023 19:58,2
8/29/2023 2:58,-2
8/29/2023 14:58,-2
8/29/2023 18:58,2
8/30/2023 10:58,-2
8/31/2023 1:58,2
8/31/2023 22:58,2
9/2/2023 2:58,-2
9/2/2023 10:58,2
9/3/2023 22:58,-2
9/5/2023 2:58,2
9/5/2023 19:58,-2
9/7/2023 2:58,-2
9/7/2023 10:58,2
9/7/2023 18:58,-2
9/8/2023 2:58,2
9/10/2023 3:58,2
9/10/2023 10:58,2
9/10/2023 19:58,-2
9/12/2023 14:58,-2
9/13/2023 2:58,2
9/13/2023 18:58,2
9/14/2023 10:58,-2
9/15/2023 17:58,-2
9/17/2023 6:58,2
9/18/2023 14:58,-2
9/18/2023 18:58,2
9/18/2023 22:58,2
9/19/2023 18:58,-2
9/20/2023 22:58,-2
9/21/2023 10:58,-2
9/21/2023 21:58,2
9/22/2023 2:58,2
9/22/2023 18:58,-2
9/23/2023 18:58,2
9/25/2023 1:58,2
9/26/2023 14:58,-2
9/27/2023 0:58,-2
9/27/2023 2:58,-2
9/27/2023 11:58,-2
9/27/2023 17:58,-2
9/28/2023 2:58,2
9/28/2023 19:58,2
9/29/2023 23:58,-2
9/30/2023 14:58,2
9/30/2023 18:58,2
10/1/2023 17:58,-2
10/2/2023 15:58,2
10/4/2023 6:58,2
10/4/2023 10:58,2
10/5/2023 16:58,2
10/6/2023 14:58,2
10/7/2023 2:58,-2
10/8/2023 11:58,-2
10/9/2023 9:58,-2
10/10/2023 2:58,-2
10/10/2023 6:58,-2
10/11/2023 2:58,2
10/11/2023 5:58,2
10/11/2023 18:58,-2
10/12/2023 2:58,-2
10/13/2023 10:58,-2
10/14/2023 3:58,2
10/14/2023 10:58,-2
10/14/2023 18:58,2
10/14/2023 22:58,2
10/15/2023 2:58,2
10/16/2023 6:58,2
10/16/2023 10:58,2
10/16/2023 16:58,-2
10/16/2023 22:58,-2
10/17/2023 18:58,2
10/18/2023 17:58,-2
10/18/2023 22:58,2
10/19/2023 18:58,2
10/20/2023 13:58,-2
10/21/2023 18:58,2
10/22/2023 6:58,-2
10/22/2023 10:58,-2
10/22/2023 18:58,-2
10/23/2023 2:58,-2
10/23/2023 17:58,2
10/24/2023 4:58,-2
10/25/2023 13:58,-2
10/26/2023 6:58,-2
10/26/2023 18:58,2
10/26/2023 21:58,2
10/27/2023 15:58,-2
10/28/2023 1:58,2
10/28/2023 10:58,-2
10/29/2023 2:58,-2
10/29/2023 18:58,-2
10/30/2023 6:58,2
10/31/2023 6:58,2
11/1/2023 2:58,-2
11/1/2023 20:58,-2
11/2/2023 18:58,2
11/4/2023 2:58,2
11/5/2023 10:58,-2
11/6/2023 2:58,-2
11/6/2023 10:58,2
11/7/2023 2:58,2
11/8/2023 2:58,-2
11/8/2023 22:58,-2
11/9/2023 10:58,-2
11/9/2023 14:58,-2
11/9/2023 23:58,-2
11/10/2023 2:58,-2
11/12/2023 2:58,-2
11/12/2023 21:58,-2
11/13/2023 10:58,2
11/14/2023 2:58,2
11/14/2023 18:58,-2
11/17/2023 2:58,2
11/18/2023 10:58,-2
11/20/2023 2:58,-2
11/21/2023 2:58,2
11/22/2023 2:58,-2
11/22/2023 10:58,2
11/23/2023 10:58,-2
11/23/2023 23:58,2
11/24/2023 14:58,-2
11/25/2023 2:58,2
11/26/2023 17:58,-2
11/27/2023 1:58,2
11/27/2023 10:58,2
11/27/2023 14:58,2
11/27/2023 18:58,2
11/29/2023 2:58,2
12/1/2023 9:58,-2
12/2/2023 5:58,2
12/3/2023 2:58,-2
12/4/2023 1:58,-2
12/4/2023 22:58,2
12/5/2023 17:58,2
12/6/2023 10:58,2
12/7/2023 2:58,2
12/8/2023 2:58,-2
12/9/2023 2:58,2
12/10/2023 16:58,-2
12/11/2023 10:58,2
12/12/2023 21:58,-2
12/13/2023 2:58,-2
12/13/2023 10:58,2
12/14/2023 2:58,2
12/15/2023 2:58,-2
12/16/2023 2:58,2
12/16/2023 10:58,-2
12/16/2023 18:58,-2
12/17/2023 10:58,-2
12/17/2023 18:58,2
12/18/2023 10:58,2
12/19/2023 10:58,-2
12/20/2023 10:58,2
12/21/2023 10:58,-2
12/21/2023 12:58,-2
12/22/2023 2:58,2
12/22/2023 10:58,-2
12/24/2023 2:58,2
12/24/2023 7:58,-2
12/25/2023 10:58,-2
12/26/2023 2:58,-2
12/27/2023 1:58,2
12/28/2023 4:58,-2
12/28/2023 10:58,-2
12/29/2023 10:58,2
12/30/2023 9:58,-2
