"",Datetime,Order ID,Position ID,Symbol,Order Side,Order Type,Order Price,Creation Time,Execution Time,Quantity,Order Status,Cumulative Filled Value,Position Entry Price,Position Entry Time,Position Status,Position Exit Reason,Position Exit Time,TP/SL Hit Price,Realized PnL,Duration,Average Price,Total Margin Used,NAV
0,2024-07-02 09:00:00,0,None,BTCUSDT,Sell,Limit,62666.1,2024-07-02 09:00:00,2024-07-02 09:00:00,0.79788,Filled,50000.0,NaN,NaT,None,None,NaT,None,None,NaN,NaN,None,100000
1,2024-07-02 09:00:00,0,None,BTCUSDT,Sell,Limit,62666.1,2024-07-02 09:00:00,2024-07-02 09:00:00,0.79788,Filled,50000.0,NaN,NaT,None,None,NaT,None,None,NaN,NaN,None,100000
2,2024-07-02 09:00:00,None,1,BTCUSDT,Sell,Market,62666.1,2024-07-02 09:00:00,2024-07-02 14:36:00,0.79788,Closed,50000.0,62666.1,2024-07-02 09:00:00,Closed,Take Profit,2024-07-02 14:36:00,"[62194.5375975, 62068.89206699999]","[376.24999999999983, 476.50000000000415]",336.0,62822.76525,None,100000
3,2024-07-02 09:00:00,None,None,None,None,Account,NaN,NaT,NaT,0.79788,None,50000.0,NaN,NaT,None,None,NaT,None,"[376.24999999999983, 476.50000000000415]",NaN,62822.76525,None,"[102744.34708970564, 102743.72844286486]"
4,2024-07-04 09:00:00,2,None,BTCUSDT,Buy,Limit,57674.1,2024-07-04 09:00:00,2024-07-04 09:00:00,"[0.8702021357940566, 0.871071243417756]",Filled,"[50188.125, 50238.25]",NaN,NaT,None,None,NaT,None,None,NaN,NaN,None,"[102744.34708970564, 102743.72844286486]"
5,2024-07-04 09:00:00,2,None,BTCUSDT,Buy,Limit,57674.1,2024-07-04 09:00:00,2024-07-04 09:00:00,"[0.8702021357940566, 0.871071243417756]",Filled,"[50188.125, 50238.25]",NaN,NaT,None,None,NaT,None,None,NaN,NaN,None,"[102744.34708970564, 102743.72844286486]"
6,2024-07-04 09:00:00,None,2,BTCUSDT,Buy,Market,57674.1,2024-07-04 09:00:00,2024-07-04 13:28:00,"[0.8702021357940566, 0.871071243417756]",Closed,"[50188.125, 50238.25]",57674.1,2024-07-04 09:00:00,Closed,Stop Loss,2024-07-04 13:28:00,"[56954.615602499995, 56839.55577299999]","[-626.0968593750034, -726.947477500005]",268.0,57529.91475,None,"[102744.34708970564, 102743.72844286486]"
7,2024-07-04 09:00:00,None,None,None,None,Account,NaN,NaT,NaT,"[0.8702021357940566, 0.871071243417756]",None,"[50188.125, 50238.25]",NaN,NaT,None,None,NaT,None,"[-626.0968593750034, -726.947477500005]",NaN,57529.91475,None,"[102744.34708970564, 102743.72844286486]"
8,2024-07-05 09:00:00,None,None,None,Sell,None,NaN,NaT,NaT,None,Ignored,None,NaN,NaT,Ignored,Signal around event,NaT,None,0,NaN,NaN,None,"[102744.34708970564, 102743.72844286486]"
9,2024-07-06 11:00:00,4,None,BTCUSDT,Buy,Limit,56750.0,2024-07-06 11:00:00,2024-07-06 11:00:00,"[0.8788559748072687, 0.8788506830176211]",Filled,"[49875.0765703125, 49874.77626125]",NaN,NaT,None,None,NaT,None,None,NaN,NaN,None,"[102744.34708970564, 102743.72844286486]"
10,2024-07-06 11:00:00,4,None,BTCUSDT,Buy,Limit,56750.0,2024-07-06 11:00:00,2024-07-06 11:00:00,"[0.8788559748072687, 0.8788506830176211]",Filled,"[49875.0765703125, 49874.77626125]",NaN,NaT,None,None,NaT,None,None,NaN,NaN,None,"[102744.34708970564, 102743.72844286486]"
11,2024-07-06 11:00:00,4,None,BTCUSDT,Buy,Limit,56750.0,2024-07-06 11:00:00,2024-07-06 11:00:00,"[0.8788559748072687, 0.8788506830176211]",Filled,"[49875.0765703125, 49874.77626125]",NaN,NaT,None,None,NaT,None,None,NaN,NaN,None,"[102744.34708970564, 102743.72844286486]"
12,2024-07-06 11:00:00,None,3,BTCUSDT,Buy,Market,56750.0,2024-07-06 11:00:00,2024-07-06 13:49:00,"[0.8788559748072687, 0.8788506830176211]",Closed,"[49875.0765703125, 49874.77626125]",56750.0,2024-07-06 11:00:00,Closed,Take Profit,2024-07-06 13:49:00,57317.5,"[498.750765703125, 498.7477626125]",169.0,56750.00000,None,"[102744.34708970564, 102743.72844286486]"
13,2024-07-06 11:00:00,None,None,None,None,Account,NaN,NaT,NaT,"[0.8788559748072687, 0.8788506830176211]",None,"[49875.0765703125, 49874.77626125]",NaN,NaT,None,None,NaT,None,"[498.750765703125, 498.7477626125]",NaN,56750.00000,None,"[102744.34708970564, 102743.72844286486]"
14,2024-07-07 01:00:00,7,None,BTCUSDT,Buy,Limit,57910.1,2024-07-07 01:00:00,2024-07-07 01:00:00,"[0.8655563011143835, 0.865551089405065]",Filled,"[50124.45195316406, 50124.15014255625]",NaN,NaT,None,None,NaT,None,None,NaN,NaN,None,"[102744.34708970564, 102743.72844286486]"
15,2024-07-07 01:00:00,None,4,BTCUSDT,Buy,Market,57910.1,2024-07-07 01:00:00,2024-07-07 07:22:00,"[0.8655563011143835, 0.865551089405065]",Closed,"[50124.45195316406, 50124.15014255625]",57910.1,2024-07-07 01:00:00,Closed,Stop Loss,2024-07-07 07:22:00,[57330.998999999996],"[-501.2445195316427, -501.2415014255646]",382.0,57910.10000,None,"[102744.34708970564, 102743.72844286486]"
16,2024-07-07 01:00:00,None,None,None,None,Account,NaN,NaT,NaT,"[0.8655563011143835, 0.865551089405065]",None,"[50124.45195316406, 50124.15014255625]",NaN,NaT,None,None,NaT,None,"[-501.2445195316427, -501.2415014255646]",NaN,57910.10000,None,"[102744.34708970564, 102743.72844286486]"
17,2024-07-07 09:00:00,8,None,BTCUSDT,Sell,Limit,57624.7,2024-07-07 09:00:00,2024-07-07 09:00:00,"[0.8654939582053919, 0.8654887468714539]",Filled,"[49873.82969339824, 49873.52939184347]",NaN,NaT,None,None,NaT,None,None,NaN,NaN,None,"[102744.34708970564, 102743.72844286486]"
18,2024-07-07 09:00:00,None,5,BTCUSDT,Sell,Market,57624.7,2024-07-07 09:00:00,2024-07-07 13:15:00,"[0.8654939582053919, 0.8654887468714539]",Closed,"[49873.82969339824, 49873.52939184347]",57624.7,2024-07-07 09:00:00,Closed,Take Profit,2024-07-07 13:15:00,[57048.452999999994],"[498.73829693398505, 498.7352939184373]",255.0,57624.70000,None,"[102744.34708970564, 102743.72844286486]"
19,2024-07-07 09:00:00,None,None,None,None,Account,NaN,NaT,NaT,"[0.8654939582053919, 0.8654887468714539]",None,"[49873.82969339824, 49873.52939184347]",NaN,NaT,None,None,NaT,None,"[498.73829693398505, 498.7352939184373]",NaN,57624.70000,None,"[102744.34708970564, 102743.72844286486]"
20,2024-07-07 13:00:00,9,None,BTCUSDT,Sell,Limit,57322.6,2024-07-07 13:00:00,2024-07-07 13:00:00,"[0.8744055371156443, 0.8744002721230839]",Filled,"[50123.19884186523, 50122.89703880269]",NaN,NaT,None,None,NaT,None,None,NaN,NaN,None,"[102744.34708970564, 102743.72844286486]"
21,2024-07-07 13:00:00,None,6,BTCUSDT,Sell,Market,57322.6,2024-07-07 13:00:00,2024-07-07 14:03:00,"[0.8744055371156443, 0.8744002721230839]",Closed,"[50123.19884186523, 50122.89703880269]",57322.6,2024-07-07 13:00:00,Closed,Take Profit,2024-07-07 14:03:00,[56749.373999999996],"[501.2319884186544, 501.228970388029]",63.0,57322.60000,None,"[102744.34708970564, 102743.72844286486]"
22,2024-07-07 13:00:00,None,None,None,None,Account,NaN,NaT,NaT,"[0.8744055371156443, 0.8744002721230839]",None,"[50123.19884186523, 50122.89703880269]",NaN,NaT,None,None,NaT,None,"[501.2319884186544, 501.228970388029]",NaN,57322.60000,None,"[102744.34708970564, 102743.72844286486]"
23,2024-07-08 02:00:00,10,None,BTCUSDT,Buy,Limit,54930.0,2024-07-08 02:00:00,2024-07-08 02:00:00,"[0.9170547030051804, 0.9170491812123921]",Filled,"[50373.81483607456, 50373.5115239967]",NaN,NaT,None,None,NaT,None,None,NaN,NaN,None,"[102744.34708970564, 102743.72844286486]"
24,2024-07-08 02:00:00,None,7,BTCUSDT,Buy,Market,54930.0,2024-07-08 02:00:00,2024-07-08 04:46:00,"[0.9170547030051804, 0.9170491812123921]",Closed,"[50373.81483607456, 50373.5115239967]",54930.0,2024-07-08 02:00:00,Closed,Take Profit,2024-07-08 04:46:00,[55479.3],"[503.7381483607483, 503.7351152399697]",166.0,54930.00000,None,"[102744.34708970564, 102743.72844286486]"
25,2024-07-08 02:00:00,None,None,None,None,Account,NaN,NaT,NaT,"[0.9170547030051804, 0.9170491812123921]",None,"[50373.81483607456, 50373.5115239967]",NaN,NaT,None,None,NaT,None,"[503.7381483607483, 503.7351152399697]",NaN,54930.0,None,"[102744.34708970564, 102743.72844286486]"
26,2024-07-09 06:00:00,11,None,BTCUSDT,Buy,Limit,57261.8,2024-07-09 06:00:00,2024-07-09 06:00:00,"[0.8841091951397778, 0.8841038717193082]",Filled,"[50625.683910254935, 50625.37908161668]",NaN,NaT,None,None,NaT,None,None,NaN,NaN,None,"[102744.34708970564, 102743.72844286486]"
27,2024-07-09 06:00:00,None,8,BTCUSDT,Buy,Market,57261.8,2024-07-09 06:00:00,2024-07-09 08:43:00,"[0.8841091951397778, 0.8841038717193082]",Closed,"[50625.683910254935, 50625.37908161668]",57261.8,2024-07-09 06:00:00,Closed,Take Profit,2024-07-09 08:43:00,[57834.418000000005],"[506.2568391025512, 506.25379081616876]",163.0,57261.8,None,"[102744.34708970564, 102743.72844286486]"
28,2024-07-09 06:00:00,None,None,None,None,Account,NaN,NaT,NaT,"[0.8841091951397778, 0.8841038717193082]",None,"[50625.683910254935, 50625.37908161668]",NaN,NaT,None,None,NaT,None,"[506.2568391025512, 506.25379081616876]",NaN,57261.8,None,"[102744.34708970564, 102743.72844286486]"
29,2024-07-10 01:00:00,None,None,None,Buy,None,NaN,NaT,NaT,None,Ignored,None,NaN,NaT,Ignored,Signal around event,NaT,None,0,NaN,NaN,None,"[102744.34708970564, 102743.72844286486]"
30,2024-07-11 09:00:00,None,None,None,Buy,None,NaN,NaT,NaT,None,Ignored,None,NaN,NaT,Ignored,Signal around event,NaT,None,0,NaN,NaN,None,"[102744.34708970564, 102743.72844286486]"
31,2024-07-11 12:00:00,None,None,None,Sell,None,NaN,NaT,NaT,None,Ignored,None,NaN,NaT,Ignored,Signal around event,NaT,None,0,NaN,NaN,None,"[102744.34708970564, 102743.72844286486]"
32,2024-07-11 17:00:00,12,None,BTCUSDT,Buy,Limit,57618.5,2024-07-11 17:00:00,2024-07-11 17:00:00,"[0.8830291022814931, 0.8830237853645057]",Filled,"[50878.81232980621, 50878.50597702477]",NaN,NaT,None,None,NaT,None,None,NaN,NaN,None,"[102744.34708970564, 102743.72844286486]"
33,2024-07-11 17:00:00,None,9,BTCUSDT,Buy,Market,57618.5,2024-07-11 17:00:00,2024-07-12 01:14:00,"[0.8830291022814931, 0.8830237853645057]",Closed,"[50878.81232980621, 50878.50597702477]",57618.5,2024-07-11 17:00:00,Closed,Stop Loss,2024-07-12 01:14:00,[57042.315],"[-508.78812329806004, -508.78505977024565]",494.0,57618.5,None,"[102744.34708970564, 102743.72844286486]"
34,2024-07-11 17:00:00,None,None,None,None,Account,NaN,NaT,NaT,"[0.8830291022814931, 0.8830237853645057]",None,"[50878.81232980621, 50878.50597702477]",NaN,NaT,None,None,NaT,None,"[-508.78812329806004, -508.78505977024565]",NaN,57618.5,None,"[102744.34708970564, 102743.72844286486]"
35,2024-07-11 19:00:00,13,None,BTCUSDT,Buy,Limit,57814.1,2024-07-11 19:00:00,2024-07-11 19:00:00,"[0.8756413793202209, 0.8756361068863763]",Filled,"[50624.418268157184, 50624.11344713964]",NaN,NaT,None,None,NaT,None,None,NaN,NaN,None,"[102744.34708970564, 102743.72844286486]"
36,2024-07-11 19:00:00,None,10,BTCUSDT,Buy,Market,57814.1,2024-07-11 19:00:00,2024-07-11 20:14:00,"[0.8756413793202209, 0.8756361068863763]",Closed,"[50624.418268157184, 50624.11344713964]",57814.1,2024-07-11 19:00:00,Closed,Stop Loss,2024-07-11 20:14:00,[57235.958999999995],"[-506.24418268157467, -506.24113447139933]",74.0,57814.1,None,"[102744.34708970564, 102743.72844286486]"
37,2024-07-11 19:00:00,None,None,None,None,Account,NaN,NaT,NaT,"[0.8756413793202209, 0.8756361068863763]",None,"[50624.418268157184, 50624.11344713964]",NaN,NaT,None,None,NaT,None,"[-506.24418268157467, -506.24113447139933]",NaN,57814.1,None,"[102744.34708970564, 102743.72844286486]"
38,2024-07-12 11:00:00,None,None,None,Sell,None,NaN,NaT,NaT,None,Ignored,None,NaN,NaT,Ignored,Signal around event,NaT,None,0,NaN,NaN,None,"[102744.34708970564, 102743.72844286486]"
39,2024-07-13 17:00:00,14,None,BTCUSDT,Buy,Limit,58593.8,2024-07-13 17:00:00,2024-07-13 17:00:00,"[0.8596693878331222, 0.8596642115702333]",Filled,"[50371.296176816395, 50370.99287990394]",NaN,NaT,None,None,NaT,None,None,NaN,NaN,None,"[102744.34708970564, 102743.72844286486]"
40,2024-07-13 17:00:00,None,11,BTCUSDT,Buy,Market,58593.8,2024-07-13 17:00:00,2024-07-13 22:53:00,"[0.8596693878331222, 0.8596642115702333]",Closed,"[50371.296176816395, 50370.99287990394]",58593.8,2024-07-13 17:00:00,Closed,Take Profit,2024-07-13 22:53:00,[59179.738000000005],"[503.7129617681656, 503.709928799041]",353.0,58593.8,None,"[102744.34708970564, 102743.72844286486]"
41,2024-07-13 17:00:00,None,None,None,None,Account,NaN,NaT,NaT,"[0.8596693878331222, 0.8596642115702333]",None,"[50371.296176816395, 50370.99287990394]",NaN,NaT,None,None,NaT,None,"[503.7129617681656, 503.709928799041]",NaN,58593.8,None,"[102744.34708970564, 102743.72844286486]"
42,2024-07-14 05:00:00,15,None,BTCUSDT,Sell,Limit,59926.1,2024-07-14 05:00:00,2024-07-14 05:00:00,"[0.8447596732926134, 0.8447545868044719]",Filled,"[50623.15265770048, 50622.84784430346]",NaN,NaT,None,None,NaT,None,None,NaN,NaN,None,"[102744.34708970564, 102743.72844286486]"
43,2024-07-14 05:00:00,None,12,BTCUSDT,Sell,Market,59926.1,2024-07-14 05:00:00,2024-07-14 21:20:00,"[0.8447596732926134, 0.8447545868044719]",Closed,"[50623.15265770048, 50622.84784430346]",59926.1,2024-07-14 05:00:00,Closed,Stop Loss,2024-07-14 21:20:00,[60525.361],"[-506.2315265770036, -506.22847844303345]",980.0,59926.1,None,"[102744.34708970564, 102743.72844286486]"
44,2024-07-14 05:00:00,None,None,None,None,Account,NaN,NaT,NaT,"[0.8447596732926134, 0.8447545868044719]",None,"[50623.15265770048, 50622.84784430346]",NaN,NaT,None,None,NaT,None,"[-506.2315265770036, -506.22847844303345]",NaN,59926.1,None,"[102744.34708970564, 102743.72844286486]"
45,2024-07-15 01:00:00,16,None,BTCUSDT,Buy,Limit,61186.7,2024-07-15 01:00:00,2024-07-15 01:00:00,"[0.8232187206437344, 0.8232137638585174]",Filled,"[50370.03689441198, 50369.73360508194]",NaN,NaT,None,None,NaT,None,None,NaN,NaN,None,"[102744.34708970564, 102743.72844286486]"
46,2024-07-15 01:00:00,None,13,BTCUSDT,Buy,Market,61186.7,2024-07-15 01:00:00,2024-07-15 02:28:00,"[0.8232187206437344, 0.8232137638585174]",Closed,"[50370.03689441198, 50369.73360508194]",61186.7,2024-07-15 01:00:00,Closed,Take Profit,2024-07-15 02:28:00,[61798.566999999995],"[503.70036894411845, 503.69733605081814]",88.0,61186.7,None,"[102744.34708970564, 102743.72844286486]"
47,2024-07-15 01:00:00,None,None,None,None,Account,NaN,NaT,NaT,"[0.8232187206437344, 0.8232137638585174]",None,"[50370.03689441198, 50369.73360508194]",NaN,NaT,None,None,NaT,None,"[503.70036894411845, 503.69733605081814]",NaN,61186.7,None,"[102744.34708970564, 102743.72844286486]"
48,2024-07-15 19:00:00,17,None,BTCUSDT,Buy,Limit,63462.0,2024-07-15 19:00:00,2024-07-15 19:00:00,"[0.7976724193830014, 0.7976676164178146]",Filled,"[50621.887078884036, 50621.58227310735]",NaN,NaT,None,None,NaT,None,None,NaN,NaN,None,"[102744.34708970564, 102743.72844286486]"
49,2024-07-15 19:00:00,None,14,BTCUSDT,Buy,Market,63462.0,2024-07-15 19:00:00,2024-07-15 22:11:00,"[0.7976724193830014, 0.7976676164178146]",Closed,"[50621.887078884036, 50621.58227310735]",63462.0,2024-07-15 19:00:00,Closed,Take Profit,2024-07-15 22:11:00,[64096.62],"[506.2188707888424, 506.2158227310756]",191.0,63462.0,None,"[102744.34708970564, 102743.72844286486]"
50,2024-07-15 19:00:00,None,None,None,None,Account,NaN,NaT,NaT,"[0.7976724193830014, 0.7976676164178146]",None,"[50621.887078884036, 50621.58227310735]",NaN,NaT,None,None,NaT,None,"[506.2188707888424, 506.2158227310756]",NaN,63462.0,None,"[102744.34708970564, 102743.72844286486]"
51,2024-07-16 21:00:00,18,None,BTCUSDT,Buy,Limit,64626.4,2024-07-16 21:00:00,2024-07-16 21:00:00,"[0.7872169347863792, 0.7872121947760186]",Filled,"[50874.99651427846, 50874.690184472885]",NaN,NaT,None,None,NaT,None,None,NaN,NaN,None,"[102744.34708970564, 102743.72844286486]"
52,2024-07-16 21:00:00,None,15,BTCUSDT,Buy,Market,64626.4,2024-07-16 21:00:00,2024-07-16 23:29:00,"[0.7872169347863792, 0.7872121947760186]",Closed,"[50874.99651427846, 50874.690184472885]",64626.4,2024-07-16 21:00:00,Closed,Take Profit,2024-07-16 23:29:00,[65272.664000000004],"[508.74996514278683, 508.7469018447311]",149.0,64626.4,None,"[102744.34708970564, 102743.72844286486]"
53,2024-07-16 21:00:00,None,None,None,None,Account,NaN,NaT,NaT,"[0.7872169347863792, 0.7872121947760186]",None,"[50874.99651427846, 50874.690184472885]",NaN,NaT,None,None,NaT,None,"[508.74996514278683, 508.7469018447311]",NaN,64626.4,None,"[102744.34708970564, 102743.72844286486]"
54,2024-07-17 01:00:00,None,None,None,Buy,None,NaN,NaT,NaT,None,Ignored,None,NaN,NaT,Ignored,Signal around event,NaT,None,0,NaN,NaN,None,"[102744.34708970564, 102743.72844286486]"
55,2024-07-18 21:00:00,19,None,BTCUSDT,Sell,Limit,63792.5,2024-07-18 21:00:00,2024-07-18 21:00:00,"[0.8014950267954674, 0.8014902008135009]",Filled,"[51129.37149684985, 51129.06363539525]",NaN,NaT,None,None,NaT,None,None,NaN,NaN,None,"[102744.34708970564, 102743.72844286486]"
56,2024-07-18 21:00:00,None,16,BTCUSDT,Sell,Market,63792.5,2024-07-18 21:00:00,2024-07-19 06:07:00,"[0.8014950267954674, 0.8014902008135009]",Closed,"[51129.37149684985, 51129.06363539525]",63792.5,2024-07-18 21:00:00,Closed,Stop Loss,2024-07-19 06:07:00,[64430.425],"[-511.29371496850086, -511.2906363539549]",547.0,63792.5,None,"[102744.34708970564, 102743.72844286486]"
57,2024-07-18 21:00:00,None,None,None,None,Account,NaN,NaT,NaT,"[0.8014950267954674, 0.8014902008135009]",None,"[51129.37149684985, 51129.06363539525]",NaN,NaT,None,None,NaT,None,"[-511.29371496850086, -511.2906363539549]",NaN,63792.5,None,"[102744.34708970564, 102743.72844286486]"
58,2024-07-19 04:00:00,20,None,BTCUSDT,Sell,Limit,64297.9,2024-07-19 04:00:00,2024-07-19 04:00:00,"[0.7912190699753118, 0.7912143058671943]",Filled,"[50873.7246393656, 50873.418317218275]",NaN,NaT,None,None,NaT,None,None,NaN,NaN,None,"[102744.34708970564, 102743.72844286486]"
59,2024-07-19 04:00:00,None,17,BTCUSDT,Sell,Market,64297.9,2024-07-19 04:00:00,2024-07-19 07:41:00,"[0.7912190699753118, 0.7912143058671943]",Closed,"[50873.7246393656, 50873.418317218275]",64297.9,2024-07-19 04:00:00,Closed,Take Profit,2024-07-19 07:41:00,[63654.921],"[508.7372463936555, 508.7341831721822]",221.0,64297.9,None,"[102744.34708970564, 102743.72844286486]"
60,2024-07-19 04:00:00,None,None,None,None,Account,NaN,NaT,NaT,"[0.7912190699753118, 0.7912143058671943]",None,"[50873.7246393656, 50873.418317218275]",NaN,NaT,None,None,NaT,None,"[508.7372463936555, 508.7341831721822]",NaN,64297.9,None,"[102744.34708970564, 102743.72844286486]"
61,2024-07-19 09:00:00,21,None,BTCUSDT,Sell,Limit,63783.8,2024-07-19 09:00:00,2024-07-19 09:00:00,"[0.801584309222129, 0.8015794827025728]",Filled,"[51128.093262562434, 51127.78540880437]",NaN,NaT,None,None,NaT,None,None,NaN,NaN,None,"[102744.34708970564, 102743.72844286486]"
62,2024-07-19 09:00:00,None,18,BTCUSDT,Sell,Market,63783.8,2024-07-19 09:00:00,2024-07-19 13:01:00,"[0.801584309222129, 0.8015794827025728]",Closed,"[51128.093262562434, 51127.78540880437]",63783.8,2024-07-19 09:00:00,Closed,Stop Loss,2024-07-19 13:01:00,[64421.638000000006],"[-511.28093262562703, -511.27785408804635]",241.0,63783.8,None,"[102744.34708970564, 102743.72844286486]"
63,2024-07-19 09:00:00,None,None,None,None,Account,NaN,NaT,NaT,"[0.801584309222129, 0.8015794827025728]",None,"[51128.093262562434, 51127.78540880437]",NaN,NaT,None,None,NaT,None,"[-511.28093262562703, -511.27785408804635]",NaN,63783.8,None,"[102744.34708970564, 102743.72844286486]"
64,2024-07-19 18:00:00,22,None,BTCUSDT,Buy,Limit,66711.2,2024-07-19 18:00:00,2024-07-19 18:00:00,"[0.7625773902470593, 0.7625727985969424]",Filled,"[50872.45279624962, 50872.14648176034]",NaN,NaT,None,None,NaT,None,None,NaN,NaN,None,"[102744.34708970564, 102743.72844286486]"
65,2024-07-19 18:00:00,None,19,BTCUSDT,Buy,Market,66711.2,2024-07-19 18:00:00,2024-07-20 17:16:00,"[0.7625773902470593, 0.7625727985969424]",Closed,"[50872.45279624962, 50872.14648176034]",66711.2,2024-07-19 18:00:00,Closed,Take Profit,2024-07-20 17:16:00,[67378.31199999999],"[508.72452796249144, 508.72146481759864]",1396.0,66711.2,None,"[102744.34708970564, 102743.72844286486]"
66,2024-07-19 18:00:00,None,None,None,None,Account,NaN,NaT,NaT,"[0.7625773902470593, 0.7625727985969424]",None,"[50872.45279624962, 50872.14648176034]",NaN,NaT,None,None,NaT,None,"[508.72452796249144, 508.72146481759864]",NaN,66711.2,None,"[102744.34708970564, 102743.72844286486]"
67,2024-07-20 02:00:00,23,None,BTCUSDT,Buy,Limit,66327.5,2024-07-20 02:00:00,2024-07-20 02:00:00,"[0.7708237919449831, 0.7708191506414254]",Filled,"[51126.81506023087, 51126.50721416914]",NaN,NaT,None,None,NaT,None,None,NaN,NaN,None,"[102744.34708970564, 102743.72844286486]"
68,2024-07-20 02:00:00,None,20,BTCUSDT,Buy,Market,66327.5,2024-07-20 02:00:00,2024-07-20 16:33:00,"[0.7708237919449831, 0.7708191506414254]",Closed,"[51126.81506023087, 51126.50721416914]",66327.5,2024-07-20 02:00:00,Closed,Take Profit,2024-07-20 16:33:00,[66990.775],"[511.26815060230416, 511.2650721416869]",873.0,66327.5,None,"[102744.34708970564, 102743.72844286486]"
69,2024-07-20 02:00:00,None,None,None,None,Account,NaN,NaT,NaT,"[0.7708237919449831, 0.7708191506414254]",None,"[51126.81506023087, 51126.50721416914]",NaN,NaT,None,None,NaT,None,"[511.26815060230416, 511.2650721416869]",NaN,66327.5,None,"[102744.34708970564, 102743.72844286486]"
70,2024-07-21 14:00:00,24,None,BTCUSDT,Buy,Limit,66731.9,2024-07-21 14:00:00,2024-07-21 14:00:00,"[0.7699833083657445, 0.7699786721229276]",Filled,"[51382.44913553202, 51382.139750239985]",NaN,NaT,None,None,NaT,None,None,NaN,NaN,None,"[102744.34708970564, 102743.72844286486]"
71,2024-07-21 14:00:00,None,21,BTCUSDT,Buy,Market,66731.9,2024-07-21 14:00:00,2024-07-21 15:32:00,"[0.7699833083657445, 0.7699786721229276]",Closed,"[51382.44913553202, 51382.139750239985]",66731.9,2024-07-21 14:00:00,Closed,Take Profit,2024-07-21 15:32:00,[67399.219],"[513.8244913553226, 513.8213975024023]",92.0,66731.9,None,"[102744.34708970564, 102743.72844286486]"
72,2024-07-21 14:00:00,None,None,None,None,Account,NaN,NaT,NaT,"[0.7699833083657445, 0.7699786721229276]",None,"[51382.44913553202, 51382.139750239985]",NaN,NaT,None,None,NaT,None,"[513.8244913553226, 513.8213975024023]",NaN,66731.9,None,"[102744.34708970564, 102743.72844286486]"
73,2024-07-21 23:00:00,25,None,BTCUSDT,Sell,Limit,67987.5,2024-07-21 23:00:00,2024-07-21 23:00:00,"[0.7595419949433305, 0.7595374215700119]",Filled,"[51639.36138120968, 51639.050448991184]",NaN,NaT,None,None,NaT,None,None,NaN,NaN,None,"[102744.34708970564, 102743.72844286486]"
74,2024-07-21 23:00:00,None,22,BTCUSDT,Sell,Market,67987.5,2024-07-21 23:00:00,2024-07-22 06:37:00,"[0.7595419949433305, 0.7595374215700119]",Closed,"[51639.36138120968, 51639.050448991184]",67987.5,2024-07-21 23:00:00,Closed,Take Profit,2024-07-22 06:37:00,[67307.625],"[516.3936138120969, 516.3905044899119]",457.0,67987.5,None,"[102744.34708970564, 102743.72844286486]"
75,2024-07-21 23:00:00,None,None,None,None,Account,NaN,NaT,NaT,"[0.7595419949433305, 0.7595374215700119]",None,"[51639.36138120968, 51639.050448991184]",NaN,NaT,None,None,NaT,None,"[516.3936138120969, 516.3905044899119]",NaN,67987.5,None,"[102744.34708970564, 102743.72844286486]"
76,2024-07-22 21:00:00,26,None,BTCUSDT,Buy,Limit,68099.9,2024-07-22 21:00:00,2024-07-22 21:00:00,"[0.7620798002363547, 0.7620752115823393]",Filled,"[51897.55818811573, 51897.24570123614]",NaN,NaT,None,None,NaT,None,None,NaN,NaN,None,"[102744.34708970564, 102743.72844286486]"
77,2024-07-22 21:00:00,None,23,BTCUSDT,Buy,Market,68099.9,2024-07-22 21:00:00,2024-07-22 23:03:00,"[0.7620798002363547, 0.7620752115823393]",Closed,"[51897.55818811573, 51897.24570123614]",68099.9,2024-07-22 21:00:00,Closed,Stop Loss,2024-07-22 23:03:00,[67418.901],"[-518.9755818811544, -518.9724570123585]",123.0,68099.9,None,"[102744.34708970564, 102743.72844286486]"
78,2024-07-22 21:00:00,None,None,None,None,Account,NaN,NaT,NaT,"[0.7620798002363547, 0.7620752115823393]",None,"[51897.55818811573, 51897.24570123614]",NaN,NaT,None,None,NaT,None,"[-518.9755818811544, -518.9724570123585]",NaN,68099.9,None,"[102744.34708970564, 102743.72844286486]"
79,2024-07-23 00:00:00,27,None,BTCUSDT,Buy,Limit,67499.2,2024-07-23 00:00:00,2024-07-23 00:00:00,"[0.7650175172027988, 0.7650129108601281]",Filled,"[51638.07039717515, 51637.75947272996]",NaN,NaT,None,None,NaT,None,None,NaN,NaN,None,"[102744.34708970564, 102743.72844286486]"
80,2024-07-23 00:00:00,None,24,BTCUSDT,Buy,Market,67499.2,2024-07-23 00:00:00,2024-07-23 05:04:00,"[0.7650175172027988, 0.7650129108601281]",Closed,"[51638.07039717515, 51637.75947272996]",67499.2,2024-07-23 00:00:00,Closed,Stop Loss,2024-07-23 05:04:00,[66824.208],"[-516.3807039717503, -516.3775947272984]",304.0,67499.2,None,"[102744.34708970564, 102743.72844286486]"
81,2024-07-23 00:00:00,None,None,None,None,Account,NaN,NaT,NaT,"[0.7650175172027988, 0.7650129108601281]",None,"[51638.07039717515, 51637.75947272996]",NaN,NaT,None,None,NaT,None,"[-516.3807039717503, -516.3775947272984]",NaN,67499.2,None,"[102744.34708970564, 102743.72844286486]"
82,2024-07-23 05:00:00,28,None,BTCUSDT,Buy,Limit,66915.1,2024-07-23 05:00:00,2024-07-23 05:00:00,"[0.7678368566316014, 0.7678322333130535]",Filled,"[51379.880045189275, 51379.57067536631]",NaN,NaT,None,None,NaT,None,None,NaN,NaN,None,"[102744.34708970564, 102743.72844286486]"
83,2024-07-23 05:00:00,None,25,BTCUSDT,Buy,Market,66915.1,2024-07-23 05:00:00,2024-07-23 07:30:00,"[0.7678368566316014, 0.7678322333130535]",Closed,"[51379.880045189275, 51379.57067536631]",66915.1,2024-07-23 05:00:00,Closed,Stop Loss,2024-07-23 07:30:00,[66245.94900000001],"[-513.7988004518912, -513.7957067536615]",150.0,66915.1,None,"[102744.34708970564, 102743.72844286486]"
84,2024-07-23 05:00:00,None,None,None,None,Account,NaN,NaT,NaT,"[0.7678368566316014, 0.7678322333130535]",None,"[51379.880045189275, 51379.57067536631]",NaN,NaT,None,None,NaT,None,"[-513.7988004518912, -513.7957067536615]",NaN,66915.1,None,"[102744.34708970564, 102743.72844286486]"
85,2024-07-24 10:00:00,None,None,None,Buy,None,NaN,NaT,NaT,None,Ignored,None,NaN,NaT,Ignored,Signal around event,NaT,None,0,NaN,NaN,None,"[102744.34708970564, 102743.72844286486]"
86,2024-07-25 23:00:00,29,None,BTCUSDT,Sell,Limit,65614.6,2024-07-25 23:00:00,2024-07-25 23:00:00,"[0.7791403231135041, 0.7791356317342402]",Filled,"[51122.98064496333, 51122.67282198948]",NaN,NaT,None,None,NaT,None,None,NaN,NaN,None,"[102744.34708970564, 102743.72844286486]"
87,2024-07-25 23:00:00,None,26,BTCUSDT,Sell,Market,65614.6,2024-07-25 23:00:00,2024-07-26 00:21:00,"[0.7791403231135041, 0.7791356317342402]",Closed,"[51122.98064496333, 51122.67282198948]",65614.6,2024-07-25 23:00:00,Closed,Stop Loss,2024-07-26 00:21:00,[66270.74600000001],"[-511.22980644963945, -511.2267282199009]",81.0,65614.6,None,"[102744.34708970564, 102743.72844286486]"
88,2024-07-25 23:00:00,None,None,None,None,Account,NaN,NaT,NaT,"[0.7791403231135041, 0.7791356317342402]",None,"[51122.98064496333, 51122.67282198948]",NaN,NaT,None,None,NaT,None,"[-511.22980644963945, -511.2267282199009]",NaN,65614.6,None,"[102744.34708970564, 102743.72844286486]"
89,2024-07-26 01:00:00,None,None,None,Sell,None,NaN,NaT,NaT,None,Ignored,None,NaN,NaT,Ignored,Signal around event,NaT,None,0,NaN,NaN,None,"[102744.34708970564, 102743.72844286486]"
90,2024-07-26 13:00:00,None,None,None,Sell,None,NaN,NaT,NaT,None,Ignored,None,NaN,NaT,Ignored,Signal around event,NaT,None,0,NaN,NaN,None,"[102744.34708970564, 102743.72844286486]"
91,2024-07-26 17:00:00,30,None,BTCUSDT,Buy,Limit,67367.6,2024-07-26 17:00:00,2024-07-26 17:00:00,"[0.7550716626648197, 0.755067116208378]",Filled,"[50867.36574173851, 50867.05945787953]",NaN,NaT,None,None,NaT,None,None,NaN,NaN,None,"[102744.34708970564, 102743.72844286486]"
92,2024-07-26 17:00:00,None,27,BTCUSDT,Buy,Market,67367.6,2024-07-26 17:00:00,2024-07-26 19:47:00,"[0.7550716626648197, 0.755067116208378]",Closed,"[50867.36574173851, 50867.05945787953]",67367.6,2024-07-26 17:00:00,Closed,Take Profit,2024-07-26 19:47:00,[68041.27600000001],"[508.6736574173902, 508.6705945788003]",167.0,67367.6,None,"[102744.34708970564, 102743.72844286486]"
93,2024-07-26 17:00:00,None,None,None,None,Account,NaN,NaT,NaT,"[0.7550716626648197, 0.755067116208378]",None,"[50867.36574173851, 50867.05945787953]",NaN,NaT,None,None,NaT,None,"[508.6736574173902, 508.6705945788003]",NaN,67367.6,None,"[102744.34708970564, 102743.72844286486]"
94,2024-07-27 11:00:00,31,None,BTCUSDT,Sell,Limit,68125.3,2024-07-27 11:00:00,2024-07-27 11:00:00,"[0.7504070084160687, 0.7504024900465601]",Filled,"[51121.7025704472, 51121.39475516893]",NaN,NaT,None,None,NaT,None,None,NaN,NaN,None,"[102744.34708970564, 102743.72844286486]"
95,2024-07-27 11:00:00,None,28,BTCUSDT,Sell,Market,68125.3,2024-07-27 11:00:00,2024-07-27 13:14:00,"[0.7504070084160687, 0.7504024900465601]",Closed,"[51121.7025704472, 51121.39475516893]",68125.3,2024-07-27 11:00:00,Closed,Stop Loss,2024-07-27 13:14:00,[68806.553],"[-511.21702570446973, -511.21394755168694]",134.0,68125.3,None,"[102744.34708970564, 102743.72844286486]"
96,2024-07-27 11:00:00,None,None,None,None,Account,NaN,NaT,NaT,"[0.7504070084160687, 0.7504024900465601]",None,"[51121.7025704472, 51121.39475516893]",NaN,NaT,None,None,NaT,None,"[-511.21702570446973, -511.21394755168694]",NaN,68125.3,None,"[102744.34708970564, 102743.72844286486]"
97,2024-07-27 13:00:00,32,None,BTCUSDT,Sell,Limit,68371.0,2024-07-27 13:00:00,2024-07-27 13:00:00,"[0.743971772499963, 0.7439672928784584]",Filled,"[50866.09405759497, 50865.78778139308]",NaN,NaT,None,None,NaT,None,None,NaN,NaN,None,"[102744.34708970564, 102743.72844286486]"
98,2024-07-27 13:00:00,None,29,BTCUSDT,Sell,Market,68371.0,2024-07-27 13:00:00,2024-07-27 13:44:00,"[0.743971772499963, 0.7439672928784584]",Closed,"[50866.09405759497, 50865.78778139308]",68371.0,2024-07-27 13:00:00,Closed,Stop Loss,2024-07-27 13:44:00,[69054.71],"[-508.6609405759545, -508.65787781393556]",44.0,68371.0,None,"[102744.34708970564, 102743.72844286486]"
99,2024-07-27 13:00:00,None,None,None,None,Account,NaN,NaT,NaT,"[0.743971772499963, 0.7439672928784584]",None,"[50866.09405759497, 50865.78778139308]",NaN,NaT,None,None,NaT,None,"[-508.6609405759545, -508.65787781393556]",NaN,68371.0,None,"[102744.34708970564, 102743.72844286486]"
100,2024-07-27 15:00:00,33,None,BTCUSDT,Sell,Limit,68952.4,2024-07-27 15:00:00,2024-07-27 15:00:00,"[0.7340101807523306, 0.7340057611118121]",Filled,"[50611.763587306996, 50611.458842486114]",NaN,NaT,None,None,NaT,None,None,NaN,NaN,None,"[102744.34708970564, 102743.72844286486]"
101,2024-07-27 15:00:00,None,30,BTCUSDT,Sell,Market,68952.4,2024-07-27 15:00:00,2024-07-27 19:01:00,"[0.7340101807523306, 0.7340057611118121]",Closed,"[50611.763587306996, 50611.458842486114]",68952.4,2024-07-27 15:00:00,Closed,Take Profit,2024-07-27 19:01:00,[68262.87599999999],"[506.1176358730736, 506.11458842486473]",241.0,68952.4,None,"[102744.34708970564, 102743.72844286486]"
102,2024-07-27 15:00:00,None,None,None,None,Account,NaN,NaT,NaT,"[0.7340101807523306, 0.7340057611118121]",None,"[50611.763587306996, 50611.458842486114]",NaN,NaT,None,None,NaT,None,"[506.1176358730736, 506.11458842486473]",NaN,68952.4,None,"[102744.34708970564, 102743.72844286486]"
103,2024-07-27 17:00:00,34,None,BTCUSDT,Sell,Limit,68662.2,2024-07-27 17:00:00,2024-07-27 17:00:00,"[0.7407980286859951, 0.7407935681743164]",Filled,"[50864.82240524353, 50864.51613669855]",NaN,NaT,None,None,NaT,None,None,NaN,NaN,None,"[102744.34708970564, 102743.72844286486]"
104,2024-07-27 17:00:00,None,31,BTCUSDT,Sell,Market,68662.2,2024-07-27 17:00:00,2024-07-27 19:01:00,"[0.7407980286859951, 0.7407935681743164]",Closed,"[50864.82240524353, 50864.51613669855]",68662.2,2024-07-27 17:00:00,Closed,Take Profit,2024-07-27 19:01:00,[67975.578],"[508.64822405243757, 508.64516136698774]",121.0,68662.2,None,"[102744.34708970564, 102743.72844286486]"
105,2024-07-27 17:00:00,None,None,None,None,Account,NaN,NaT,NaT,"[0.7407980286859951, 0.7407935681743164]",None,"[50864.82240524353, 50864.51613669855]",NaN,NaT,None,None,NaT,None,"[508.64822405243757, 508.64516136698774]",NaN,68662.2,None,"[102744.34708970564, 102743.72844286486]"
106,2024-07-28 05:00:00,35,None,BTCUSDT,Buy,Limit,67315.2,2024-07-28 05:00:00,2024-07-28 05:00:00,"[0.7593997569236925, 0.7593951844068212]",Filled,"[51119.14651726975, 51118.838717382045]",NaN,NaT,None,None,NaT,None,None,NaN,NaN,None,"[102744.34708970564, 102743.72844286486]"
107,2024-07-28 05:00:00,None,32,BTCUSDT,Buy,Market,67315.2,2024-07-28 05:00:00,2024-07-28 12:34:00,"[0.7593997569236925, 0.7593951844068212]",Closed,"[51119.14651726975, 51118.838717382045]",67315.2,2024-07-28 05:00:00,Closed,Take Profit,2024-07-28 12:34:00,[67988.352],"[511.1914651726989, 511.1883871738219]",454.0,67315.2,None,"[102744.34708970564, 102743.72844286486]"
108,2024-07-28 05:00:00,None,None,None,None,Account,NaN,NaT,NaT,"[0.7593997569236925, 0.7593951844068212]",None,"[51119.14651726975, 51118.838717382045]",NaN,NaT,None,None,NaT,None,"[511.1914651726989, 511.1883871738219]",NaN,67315.2,None,"[102744.34708970564, 102743.72844286486]"
109,2024-07-29 00:00:00,36,None,BTCUSDT,Sell,Limit,68215.5,2024-07-29 00:00:00,2024-07-29 00:00:00,"[0.7531241763214533, 0.7531196415912653]",Filled,"[51374.7422498561, 51374.43291096896]",NaN,NaT,None,None,NaT,None,None,NaN,NaN,None,"[102744.34708970564, 102743.72844286486]"
110,2024-07-29 00:00:00,None,33,BTCUSDT,Sell,Market,68215.5,2024-07-29 00:00:00,2024-07-29 00:09:00,"[0.7531241763214533, 0.7531196415912653]",Closed,"[51374.7422498561, 51374.43291096896]",68215.5,2024-07-29 00:00:00,Closed,Stop Loss,2024-07-29 00:09:00,[68897.655],"[-513.7474224985601, -513.7443291096887]",9.0,68215.5,None,"[102744.34708970564, 102743.72844286486]"
111,2024-07-29 00:00:00,None,None,None,None,Account,NaN,NaT,NaT,"[0.7531241763214533, 0.7531196415912653]",None,"[51374.7422498561, 51374.43291096896]",NaN,NaT,None,None,NaT,None,"[-513.7474224985601, -513.7443291096887]",NaN,68215.5,None,"[102744.34708970564, 102743.72844286486]"
112,2024-07-29 20:00:00,37,None,BTCUSDT,Buy,Limit,67276.7,2024-07-29 20:00:00,2024-07-29 20:00:00,"[0.7598153378302862, 0.7598107628111087]",Filled,"[51117.86853860682, 51117.560746414114]",NaN,NaT,None,None,NaT,None,None,NaN,NaN,None,"[102744.34708970564, 102743.72844286486]"
113,2024-07-29 20:00:00,None,34,BTCUSDT,Buy,Market,67276.7,2024-07-29 20:00:00,2024-07-29 23:17:00,"[0.7598153378302862, 0.7598107628111087]",Closed,"[51117.86853860682, 51117.560746414114]",67276.7,2024-07-29 20:00:00,Closed,Stop Loss,2024-07-29 23:17:00,[66603.93299999999],"[-511.17868538607354, -511.1756074641466]",197.0,67276.7,None,"[102744.34708970564, 102743.72844286486]"
114,2024-07-29 20:00:00,None,None,None,None,Account,NaN,NaT,NaT,"[0.7598153378302862, 0.7598107628111087]",None,"[51117.86853860682, 51117.560746414114]",NaN,NaT,None,None,NaT,None,"[-511.17868538607354, -511.1756074641466]",NaN,67276.7,None,"[102744.34708970564, 102743.72844286486]"
115,2024-07-30 16:00:00,38,None,BTCUSDT,Sell,Limit,66198.0,2024-07-30 16:00:00,2024-07-30 16:00:00,"[0.7683355871161331, 0.7683309607946168]",Filled,"[50862.27919591378, 50861.97294268204]",NaN,NaT,None,None,NaT,None,None,NaN,NaN,None,"[102744.34708970564, 102743.72844286486]"
116,2024-07-30 16:00:00,None,35,BTCUSDT,Sell,Market,66198.0,2024-07-30 16:00:00,2024-07-30 19:13:00,"[0.7683355871161331, 0.7683309607946168]",Closed,"[50862.27919591378, 50861.97294268204]",66198.0,2024-07-30 16:00:00,Closed,Take Profit,2024-07-30 19:13:00,[65536.02],"[508.6227919591347, 508.6197294268173]",193.0,66198.0,None,"[102744.34708970564, 102743.72844286486]"
117,2024-07-30 16:00:00,None,None,None,None,Account,NaN,NaT,NaT,"[0.7683355871161331, 0.7683309607946168]",None,"[50862.27919591378, 50861.97294268204]",NaN,NaT,None,None,NaT,None,"[508.6227919591347, 508.6197294268173]",NaN,66198.0,None,"[102744.34708970564, 102743.72844286486]"
118,2024-07-31 17:00:00,None,None,None,Sell,None,NaN,NaT,NaT,None,Ignored,None,NaN,NaT,Ignored,Signal around event,NaT,None,0,NaN,NaN,None,"[102744.34708970564, 102743.72844286486]"
119,2024-07-31 22:00:00,39,None,BTCUSDT,Sell,Limit,64950.1,2024-07-31 22:00:00,2024-07-31 22:00:00,"[0.7870132700626074, 0.7870085312785577]",Filled,"[51116.59059189335, 51116.28280739545]",NaN,NaT,None,None,NaT,None,None,NaN,NaN,None,"[102744.34708970564, 102743.72844286486]"
120,2024-07-31 22:00:00,None,36,BTCUSDT,Sell,Market,64950.1,2024-07-31 22:00:00,2024-08-01 01:35:00,"[0.7870132700626074, 0.7870085312785577]",Closed,"[51116.59059189335, 51116.28280739545]",64950.1,2024-07-31 22:00:00,Closed,Take Profit,2024-08-01 01:35:00,[64300.598999999995],"[511.1659059189366, 511.16282807395754]",215.0,64950.1,None,"[102744.34708970564, 102743.72844286486]"
121,2024-07-31 22:00:00,None,None,None,None,Account,NaN,NaT,NaT,"[0.7870132700626074, 0.7870085312785577]",None,"[51116.59059189335, 51116.28280739545]",NaN,NaT,None,None,NaT,None,"[511.1659059189366, 511.16282807395754]",NaN,64950.1,None,"[102744.34708970564, 102743.72844286486]"
