Date,Start Date,End Date,Total Trades,Wins,Losses,WinRate,Final NAV,Daily Return,TP,SL
2024-02-01 04:00:00,2024-02-01,2024-03-01,54,31,23,0.5740740740740741,96944.10468907072,-0.2698500199999835,0.006,0.01
2024-02-01 04:00:00,2024-02-01,2024-03-01,54,31,23,0.5740740740740741,96944.10468907072,-0.2698500199999835,0.006,0.01
2024-02-03 00:00:00,2024-02-01,2024-03-01,54,31,23,0.5740740740740741,96944.10468907072,-0.2698500199999958,0.006,0.01
2024-02-03 00:00:00,2024-02-01,2024-03-01,54,31,23,0.5740740740740741,96944.10468907072,-0.2698500199999958,0.006,0.01
2024-02-05 08:00:00,2024-02-01,2024-03-01,54,31,23,0.5740740740740741,96944.10468907072,-0.26985001999999275,0.006,0.01
2024-02-05 08:00:00,2024-02-01,2024-03-01,54,31,23,0.5740740740740741,96944.10468907072,-0.26985001999999275,0.006,0.01
2024-02-07 08:00:00,2024-02-01,2024-03-01,54,31,23,0.5740740740740741,96944.10468907072,-0.26985001999998437,0.006,0.01
2024-02-07 08:00:00,2024-02-01,2024-03-01,54,31,23,0.5740740740740741,96944.10468907072,-0.26985001999998437,0.006,0.01
2024-02-08 00:00:00,2024-02-01,2024-03-01,54,31,23,0.5740740740740741,96944.10468907072,-0.5389718496670444,0.006,0.01
2024-02-08 00:00:00,2024-02-01,2024-03-01,54,31,23,0.5740740740740741,96944.10468907072,-0.5389718496670444,0.006,0.01
2024-02-08 16:00:00,2024-02-01,2024-03-01,54,31,23,0.5740740740740741,96944.10468907072,-0.5389718496670444,0.006,0.01
2024-02-08 16:00:00,2024-02-01,2024-03-01,54,31,23,0.5740740740740741,96944.10468907072,-0.5389718496670444,0.006,0.01
2024-02-09 09:00:00,2024-02-01,2024-03-01,54,31,23,0.5740740740740741,96944.10468907072,-0.26985001999998803,0.006,0.01
2024-02-09 09:00:00,2024-02-01,2024-03-01,54,31,23,0.5740740740740741,96944.10468907072,-0.26985001999998803,0.006,0.01
2024-02-10 22:00:00,2024-02-01,2024-03-01,54,31,23,0.5740740740740741,96944.10468907072,-0.2698500199999941,0.006,0.01
2024-02-10 22:00:00,2024-02-01,2024-03-01,54,31,23,0.5740740740740741,96944.10468907072,-0.2698500199999941,0.006,0.01
2024-02-11 21:00:00,2024-02-01,2024-03-01,54,31,23,0.5740740740740741,96944.10468907072,-0.2698500199999907,0.006,0.01
2024-02-11 21:00:00,2024-02-01,2024-03-01,54,31,23,0.5740740740740741,96944.10468907072,-0.2698500199999907,0.006,0.01
2024-02-13 00:00:00,2024-02-01,2024-03-01,54,31,23,0.5740740740740741,96944.10468907072,0.5295900600000077,0.006,0.01
2024-02-13 00:00:00,2024-02-01,2024-03-01,54,31,23,0.5740740740740741,96944.10468907072,0.5295900600000077,0.006,0.01
2024-02-14 00:00:00,2024-02-01,2024-03-01,54,31,23,0.5740740740740741,96944.10468907072,-0.5389718496670342,0.006,0.01
2024-02-14 00:00:00,2024-02-01,2024-03-01,54,31,23,0.5740740740740741,96944.10468907072,-0.5389718496670342,0.006,0.01
2024-02-14 10:00:00,2024-02-01,2024-03-01,54,31,23,0.5740740740740741,96944.10468907072,-0.5389718496670342,0.006,0.01
2024-02-14 10:00:00,2024-02-01,2024-03-01,54,31,23,0.5740740740740741,96944.10468907072,-0.5389718496670342,0.006,0.01
2024-02-16 00:00:00,2024-02-01,2024-03-01,54,31,23,0.5740740740740741,96944.10468907072,0.529590060000012,0.006,0.01
2024-02-16 00:00:00,2024-02-01,2024-03-01,54,31,23,0.5740740740740741,96944.10468907072,0.529590060000012,0.006,0.01
2024-02-17 00:00:00,2024-02-01,2024-03-01,54,31,23,0.5740740740740741,96944.10468907072,-0.5389718496670525,0.006,0.01
2024-02-17 00:00:00,2024-02-01,2024-03-01,54,31,23,0.5740740740740741,96944.10468907072,-0.5389718496670525,0.006,0.01
2024-02-17 16:00:00,2024-02-01,2024-03-01,54,31,23,0.5740740740740741,96944.10468907072,-0.5389718496670525,0.006,0.01
2024-02-17 16:00:00,2024-02-01,2024-03-01,54,31,23,0.5740740740740741,96944.10468907072,-0.5389718496670525,0.006,0.01
2024-02-18 01:00:00,2024-02-01,2024-03-01,54,31,23,0.5740740740740741,96944.10468907072,1.061984776316524,0.006,0.01
2024-02-18 01:00:00,2024-02-01,2024-03-01,54,31,23,0.5740740740740741,96944.10468907072,1.061984776316524,0.006,0.01
2024-02-18 23:00:00,2024-02-01,2024-03-01,54,31,23,0.5740740740740741,96944.10468907072,1.061984776316524,0.006,0.01
2024-02-18 23:00:00,2024-02-01,2024-03-01,54,31,23,0.5740740740740741,96944.10468907072,1.061984776316524,0.006,0.01
2024-02-19 18:00:00,2024-02-01,2024-03-01,54,31,23,0.5740740740740741,96944.10468907072,-0.2698500199999836,0.006,0.01
2024-02-19 18:00:00,2024-02-01,2024-03-01,54,31,23,0.5740740740740741,96944.10468907072,-0.2698500199999836,0.006,0.01
2024-02-21 00:00:00,2024-02-01,2024-03-01,54,31,23,0.5740740740740741,96944.10468907072,-0.26985001999998887,0.006,0.01
2024-02-21 00:00:00,2024-02-01,2024-03-01,54,31,23,0.5740740740740741,96944.10468907072,-0.26985001999998887,0.006,0.01
2024-02-22 08:00:00,2024-02-01,2024-03-01,54,31,23,0.5740740740740741,96944.10468907072,-0.2698500199999976,0.006,0.01
2024-02-22 08:00:00,2024-02-01,2024-03-01,54,31,23,0.5740740740740741,96944.10468907072,-0.2698500199999976,0.006,0.01
2024-02-24 05:00:00,2024-02-01,2024-03-01,54,31,23,0.5740740740740741,96944.10468907072,-0.26985002000000474,0.006,0.01
2024-02-24 05:00:00,2024-02-01,2024-03-01,54,31,23,0.5740740740740741,96944.10468907072,-0.26985002000000474,0.006,0.01
2024-02-25 08:00:00,2024-02-01,2024-03-01,54,31,23,0.5740740740740741,96944.10468907072,0.5295900599999989,0.006,0.01
2024-02-25 08:00:00,2024-02-01,2024-03-01,54,31,23,0.5740740740740741,96944.10468907072,0.5295900599999989,0.006,0.01
2024-02-26 17:00:00,2024-02-01,2024-03-01,54,31,23,0.5740740740740741,96944.10468907072,-0.26985001999999664,0.006,0.01
2024-02-26 17:00:00,2024-02-01,2024-03-01,54,31,23,0.5740740740740741,96944.10468907072,-0.26985001999999664,0.006,0.01
2024-02-27 02:00:00,2024-02-01,2024-03-01,54,31,23,0.5740740740740741,96944.10468907072,-0.2698500199999993,0.006,0.01
2024-02-27 02:00:00,2024-02-01,2024-03-01,54,31,23,0.5740740740740741,96944.10468907072,-0.2698500199999993,0.006,0.01
2024-02-28 13:00:00,2024-02-01,2024-03-01,54,31,23,0.5740740740740741,96944.10468907072,-0.26985001999997926,0.006,0.01
2024-02-28 13:00:00,2024-02-01,2024-03-01,54,31,23,0.5740740740740741,96944.10468907072,-0.26985001999997926,0.006,0.01
2024-02-29 16:00:00,2024-02-01,2024-03-01,54,31,23,0.5740740740740741,96944.10468907072,-0.339651151970987,0.006,0.01
2024-02-29 16:00:00,2024-02-01,2024-03-01,54,31,23,0.5740740740740741,96944.10468907072,-0.339651151970987,0.006,0.01
2024-02-29 22:00:00,2024-02-01,2024-03-01,54,31,23,0.5740740740740741,96944.10468907072,-0.339651151970987,0.006,0.01
2024-02-29 22:00:00,2024-02-01,2024-03-01,54,31,23,0.5740740740740741,96944.10468907072,-0.339651151970987,0.006,0.01
2024-03-01 08:00:00,2024-03-01,2024-04-01,88,51,37,0.5795454545454546,96762.36063699736,-0.5088943363128637,0.005,0.007
2024-03-01 08:00:00,2024-03-01,2024-04-01,88,51,37,0.5795454545454546,96762.36063699736,-0.5088943363128637,0.005,0.007
2024-03-01 11:00:00,2024-03-01,2024-04-01,88,51,37,0.5795454545454546,96762.36063699736,-0.5088943363128637,0.005,0.007
2024-03-01 11:00:00,2024-03-01,2024-04-01,88,51,37,0.5795454545454546,96762.36063699736,-0.5088943363128637,0.005,0.007
2024-03-01 19:00:00,2024-03-01,2024-04-01,88,51,37,0.5795454545454546,96762.36063699736,-0.5088943363128637,0.005,0.007
2024-03-01 19:00:00,2024-03-01,2024-04-01,88,51,37,0.5795454545454546,96762.36063699736,-0.5088943363128637,0.005,0.007
2024-03-02 16:00:00,2024-03-01,2024-04-01,88,51,37,0.5795454545454546,96762.36063699736,0.42966005000000435,0.005,0.007
2024-03-02 16:00:00,2024-03-01,2024-04-01,88,51,37,0.5795454545454546,96762.36063699736,0.42966005000000435,0.005,0.007
2024-03-03 19:00:00,2024-03-01,2024-04-01,88,51,37,0.5795454545454546,96762.36063699736,-0.16992000999999402,0.005,0.007
2024-03-03 19:00:00,2024-03-01,2024-04-01,88,51,37,0.5795454545454546,96762.36063699736,-0.16992000999999402,0.005,0.007
2024-03-04 08:00:00,2024-03-01,2024-04-01,88,51,37,0.5795454545454546,96762.36063699736,-0.3395512919020151,0.005,0.007
2024-03-04 08:00:00,2024-03-01,2024-04-01,88,51,37,0.5795454545454546,96762.36063699736,-0.3395512919020151,0.005,0.007
2024-03-04 21:00:00,2024-03-01,2024-04-01,88,51,37,0.5795454545454546,96762.36063699736,-0.3395512919020151,0.005,0.007
2024-03-04 21:00:00,2024-03-01,2024-04-01,88,51,37,0.5795454545454546,96762.36063699736,-0.3395512919020151,0.005,0.007
2024-03-05 10:00:00,2024-03-01,2024-04-01,88,51,37,0.5795454545454546,96762.36063699736,0.25900996160008355,0.005,0.007
2024-03-05 10:00:00,2024-03-01,2024-04-01,88,51,37,0.5795454545454546,96762.36063699736,0.25900996160008355,0.005,0.007
2024-03-05 20:00:00,2024-03-01,2024-04-01,88,51,37,0.5795454545454546,96762.36063699736,0.25900996160008355,0.005,0.007
2024-03-05 20:00:00,2024-03-01,2024-04-01,88,51,37,0.5795454545454546,96762.36063699736,0.25900996160008355,0.005,0.007
2024-03-07 14:00:00,2024-03-01,2024-04-01,88,51,37,0.5795454545454546,96762.36063699736,-0.1699200099999999,0.005,0.007
2024-03-07 14:00:00,2024-03-01,2024-04-01,88,51,37,0.5795454545454546,96762.36063699736,-0.1699200099999999,0.005,0.007
2024-03-08 15:00:00,2024-03-01,2024-04-01,88,51,37,0.5795454545454546,96762.36063699736,-0.3395512919020252,0.005,0.007
2024-03-08 15:00:00,2024-03-01,2024-04-01,88,51,37,0.5795454545454546,96762.36063699736,-0.3395512919020252,0.005,0.007
2024-03-08 20:00:00,2024-03-01,2024-04-01,88,51,37,0.5795454545454546,96762.36063699736,-0.3395512919020252,0.005,0.007
2024-03-08 20:00:00,2024-03-01,2024-04-01,88,51,37,0.5795454545454546,96762.36063699736,-0.3395512919020252,0.005,0.007
2024-03-10 01:00:00,2024-03-01,2024-04-01,88,51,37,0.5795454545454546,96762.36063699736,-0.16992000999999166,0.005,0.007
2024-03-10 01:00:00,2024-03-01,2024-04-01,88,51,37,0.5795454545454546,96762.36063699736,-0.16992000999999166,0.005,0.007
2024-03-11 08:00:00,2024-03-01,2024-04-01,88,51,37,0.5795454545454546,96762.36063699736,-0.16992000999998585,0.005,0.007
2024-03-11 08:00:00,2024-03-01,2024-04-01,88,51,37,0.5795454545454546,96762.36063699736,-0.16992000999998585,0.005,0.007
2024-03-12 17:00:00,2024-03-01,2024-04-01,88,51,37,0.5795454545454546,96762.36063699736,-0.16992001000000265,0.005,0.007
2024-03-12 17:00:00,2024-03-01,2024-04-01,88,51,37,0.5795454545454546,96762.36063699736,-0.16992001000000265,0.005,0.007
2024-03-13 00:00:00,2024-03-01,2024-04-01,88,51,37,0.5795454545454546,96762.36063699736,-0.5088943363128391,0.005,0.007
2024-03-13 00:00:00,2024-03-01,2024-04-01,88,51,37,0.5795454545454546,96762.36063699736,-0.5088943363128391,0.005,0.007
2024-03-13 03:00:00,2024-03-01,2024-04-01,88,51,37,0.5795454545454546,96762.36063699736,-0.5088943363128391,0.005,0.007
2024-03-13 03:00:00,2024-03-01,2024-04-01,88,51,37,0.5795454545454546,96762.36063699736,-0.5088943363128391,0.005,0.007
2024-03-13 19:00:00,2024-03-01,2024-04-01,88,51,37,0.5795454545454546,96762.36063699736,-0.5088943363128391,0.005,0.007
2024-03-13 19:00:00,2024-03-01,2024-04-01,88,51,37,0.5795454545454546,96762.36063699736,-0.5088943363128391,0.005,0.007
2024-03-14 16:00:00,2024-03-01,2024-04-01,88,51,37,0.5795454545454546,96762.36063699736,-0.16992001000000315,0.005,0.007
2024-03-14 16:00:00,2024-03-01,2024-04-01,88,51,37,0.5795454545454546,96762.36063699736,-0.16992001000000315,0.005,0.007
2024-03-15 04:00:00,2024-03-01,2024-04-01,88,51,37,0.5795454545454546,96762.36063699736,-0.3395512919020076,0.005,0.007
2024-03-15 04:00:00,2024-03-01,2024-04-01,88,51,37,0.5795454545454546,96762.36063699736,-0.3395512919020076,0.005,0.007
2024-03-15 20:00:00,2024-03-01,2024-04-01,88,51,37,0.5795454545454546,96762.36063699736,-0.3395512919020076,0.005,0.007
2024-03-15 20:00:00,2024-03-01,2024-04-01,88,51,37,0.5795454545454546,96762.36063699736,-0.3395512919020076,0.005,0.007
2024-03-16 19:00:00,2024-03-01,2024-04-01,88,51,37,0.5795454545454546,96762.36063699736,-0.16992000999999465,0.005,0.007
2024-03-16 19:00:00,2024-03-01,2024-04-01,88,51,37,0.5795454545454546,96762.36063699736,-0.16992000999999465,0.005,0.007
2024-03-17 02:00:00,2024-03-01,2024-04-01,88,51,37,0.5795454545454546,96762.36063699736,-0.5088943363128529,0.005,0.007
2024-03-17 02:00:00,2024-03-01,2024-04-01,88,51,37,0.5795454545454546,96762.36063699736,-0.5088943363128529,0.005,0.007
2024-03-17 09:00:00,2024-03-01,2024-04-01,88,51,37,0.5795454545454546,96762.36063699736,-0.5088943363128529,0.005,0.007
2024-03-17 09:00:00,2024-03-01,2024-04-01,88,51,37,0.5795454545454546,96762.36063699736,-0.5088943363128529,0.005,0.007
2024-03-17 18:00:00,2024-03-01,2024-04-01,88,51,37,0.5795454545454546,96762.36063699736,-0.5088943363128529,0.005,0.007
2024-03-17 18:00:00,2024-03-01,2024-04-01,88,51,37,0.5795454545454546,96762.36063699736,-0.5088943363128529,0.005,0.007
2024-03-19 00:00:00,2024-03-01,2024-04-01,88,51,37,0.5795454545454546,96762.36063699736,-0.33955129190200317,0.005,0.007
2024-03-19 00:00:00,2024-03-01,2024-04-01,88,51,37,0.5795454545454546,96762.36063699736,-0.33955129190200317,0.005,0.007
2024-03-19 09:00:00,2024-03-01,2024-04-01,88,51,37,0.5795454545454546,96762.36063699736,-0.33955129190200317,0.005,0.007
2024-03-19 09:00:00,2024-03-01,2024-04-01,88,51,37,0.5795454545454546,96762.36063699736,-0.33955129190200317,0.005,0.007
2024-03-21 08:00:00,2024-03-01,2024-04-01,88,51,37,0.5795454545454546,96762.36063699736,0.25900996160007284,0.005,0.007
2024-03-21 08:00:00,2024-03-01,2024-04-01,88,51,37,0.5795454545454546,96762.36063699736,0.25900996160007284,0.005,0.007
2024-03-21 18:00:00,2024-03-01,2024-04-01,88,51,37,0.5795454545454546,96762.36063699736,0.25900996160007284,0.005,0.007
2024-03-21 18:00:00,2024-03-01,2024-04-01,88,51,37,0.5795454545454546,96762.36063699736,0.25900996160007284,0.005,0.007
2024-03-22 01:00:00,2024-03-01,2024-04-01,88,51,37,0.5795454545454546,96762.36063699736,-0.3395512919020069,0.005,0.007
2024-03-22 01:00:00,2024-03-01,2024-04-01,88,51,37,0.5795454545454546,96762.36063699736,-0.3395512919020069,0.005,0.007
2024-03-22 16:00:00,2024-03-01,2024-04-01,88,51,37,0.5795454545454546,96762.36063699736,-0.3395512919020069,0.005,0.007
2024-03-22 16:00:00,2024-03-01,2024-04-01,88,51,37,0.5795454545454546,96762.36063699736,-0.3395512919020069,0.005,0.007
2024-03-24 08:00:00,2024-03-01,2024-04-01,88,51,37,0.5795454545454546,96762.36063699736,0.08864984184740522,0.005,0.007
2024-03-24 08:00:00,2024-03-01,2024-04-01,88,51,37,0.5795454545454546,96762.36063699736,0.08864984184740522,0.005,0.007
2024-03-24 16:00:00,2024-03-01,2024-04-01,88,51,37,0.5795454545454546,96762.36063699736,0.08864984184740522,0.005,0.007
2024-03-24 16:00:00,2024-03-01,2024-04-01,88,51,37,0.5795454545454546,96762.36063699736,0.08864984184740522,0.005,0.007
2024-03-24 18:00:00,2024-03-01,2024-04-01,88,51,37,0.5795454545454546,96762.36063699736,0.08864984184740522,0.005,0.007
2024-03-24 18:00:00,2024-03-01,2024-04-01,88,51,37,0.5795454545454546,96762.36063699736,0.08864984184740522,0.005,0.007
2024-03-25 07:00:00,2024-03-01,2024-04-01,88,51,37,0.5795454545454546,96762.36063699736,-0.33955129190201744,0.005,0.007
2024-03-25 07:00:00,2024-03-01,2024-04-01,88,51,37,0.5795454545454546,96762.36063699736,-0.33955129190201744,0.005,0.007
2024-03-25 17:00:00,2024-03-01,2024-04-01,88,51,37,0.5795454545454546,96762.36063699736,-0.33955129190201744,0.005,0.007
2024-03-25 17:00:00,2024-03-01,2024-04-01,88,51,37,0.5795454545454546,96762.36063699736,-0.33955129190201744,0.005,0.007
2024-03-26 00:00:00,2024-03-01,2024-04-01,88,51,37,0.5795454545454546,96762.36063699736,-0.16992000999999698,0.005,0.007
2024-03-26 00:00:00,2024-03-01,2024-04-01,88,51,37,0.5795454545454546,96762.36063699736,-0.16992000999999698,0.005,0.007
2024-03-27 00:00:00,2024-03-01,2024-04-01,88,51,37,0.5795454545454546,96762.36063699736,-0.33955129190199024,0.005,0.007
2024-03-27 00:00:00,2024-03-01,2024-04-01,88,51,37,0.5795454545454546,96762.36063699736,-0.33955129190199024,0.005,0.007
2024-03-27 23:00:00,2024-03-01,2024-04-01,88,51,37,0.5795454545454546,96762.36063699736,-0.33955129190199024,0.005,0.007
2024-03-27 23:00:00,2024-03-01,2024-04-01,88,51,37,0.5795454545454546,96762.36063699736,-0.33955129190199024,0.005,0.007
2024-03-28 12:00:00,2024-03-01,2024-04-01,88,51,37,0.5795454545454546,96762.36063699736,0.8611661775856458,0.005,0.007
2024-03-28 12:00:00,2024-03-01,2024-04-01,88,51,37,0.5795454545454546,96762.36063699736,0.8611661775856458,0.005,0.007
2024-03-28 20:00:00,2024-03-01,2024-04-01,88,51,37,0.5795454545454546,96762.36063699736,0.8611661775856458,0.005,0.007
2024-03-28 20:00:00,2024-03-01,2024-04-01,88,51,37,0.5795454545454546,96762.36063699736,0.8611661775856458,0.005,0.007
2024-03-30 00:00:00,2024-03-01,2024-04-01,88,51,37,0.5795454545454546,96762.36063699736,0.2590099616000618,0.005,0.007
2024-03-30 00:00:00,2024-03-01,2024-04-01,88,51,37,0.5795454545454546,96762.36063699736,0.2590099616000618,0.005,0.007
2024-03-30 17:00:00,2024-03-01,2024-04-01,88,51,37,0.5795454545454546,96762.36063699736,0.2590099616000618,0.005,0.007
2024-03-30 17:00:00,2024-03-01,2024-04-01,88,51,37,0.5795454545454546,96762.36063699736,0.2590099616000618,0.005,0.007
2024-03-31 08:00:00,2024-03-01,2024-04-01,88,51,37,0.5795454545454546,96762.36063699736,-0.1699200100000082,0.005,0.007
2024-03-31 08:00:00,2024-03-01,2024-04-01,88,51,37,0.5795454545454546,96762.36063699736,-0.1699200100000082,0.005,0.007
2024-04-01 06:00:00,2024-04-01,2024-05-01,74,52,22,0.7027027027027027,100879.52970409552,0.5295900600000168,0.006,0.011
2024-04-01 06:00:00,2024-04-01,2024-05-01,74,52,22,0.7027027027027027,100879.52970409552,0.5295900600000168,0.006,0.011
2024-04-03 16:00:00,2024-04-01,2024-05-01,74,52,22,0.7027027027027027,100879.52970409552,-0.31981502499998377,0.006,0.011
2024-04-03 16:00:00,2024-04-01,2024-05-01,74,52,22,0.7027027027027027,100879.52970409552,-0.31981502499998377,0.006,0.011
2024-04-04 00:00:00,2024-04-01,2024-05-01,74,52,22,0.7027027027027027,100879.52970409552,-0.3198150250000062,0.006,0.011
2024-04-04 00:00:00,2024-04-01,2024-05-01,74,52,22,0.7027027027027027,100879.52970409552,-0.3198150250000062,0.006,0.011
2024-04-05 02:00:00,2024-04-01,2024-05-01,74,52,22,0.7027027027027027,100879.52970409552,0.2080813264172452,0.006,0.011
2024-04-05 02:00:00,2024-04-01,2024-05-01,74,52,22,0.7027027027027027,100879.52970409552,0.2080813264172452,0.006,0.011
2024-04-05 19:00:00,2024-04-01,2024-05-01,74,52,22,0.7027027027027027,100879.52970409552,0.2080813264172452,0.006,0.011
2024-04-05 19:00:00,2024-04-01,2024-05-01,74,52,22,0.7027027027027027,100879.52970409552,0.2080813264172452,0.006,0.011
2024-04-06 08:00:00,2024-04-01,2024-05-01,74,52,22,0.7027027027027027,100879.52970409552,0.5295900600000046,0.006,0.011
2024-04-06 08:00:00,2024-04-01,2024-05-01,74,52,22,0.7027027027027027,100879.52970409552,0.5295900600000046,0.006,0.011
2024-04-07 01:00:00,2024-04-01,2024-05-01,74,52,22,0.7027027027027027,100879.52970409552,0.5295900600000036,0.006,0.011
2024-04-07 01:00:00,2024-04-01,2024-05-01,74,52,22,0.7027027027027027,100879.52970409552,0.5295900600000036,0.006,0.011
2024-04-08 09:00:00,2024-04-01,2024-05-01,74,52,22,0.7027027027027027,100879.52970409552,0.5295900600000004,0.006,0.011
2024-04-08 09:00:00,2024-04-01,2024-05-01,74,52,22,0.7027027027027027,100879.52970409552,0.5295900600000004,0.006,0.011
2024-04-10 20:00:00,2024-04-01,2024-05-01,74,52,22,0.7027027027027027,100879.52970409552,-0.3198150250000029,0.006,0.011
2024-04-10 20:00:00,2024-04-01,2024-05-01,74,52,22,0.7027027027027027,100879.52970409552,-0.3198150250000029,0.006,0.011
2024-04-11 04:00:00,2024-04-01,2024-05-01,74,52,22,0.7027027027027027,100879.52970409552,0.20808132641724061,0.006,0.011
2024-04-11 04:00:00,2024-04-01,2024-05-01,74,52,22,0.7027027027027027,100879.52970409552,0.20808132641724061,0.006,0.011
2024-04-11 21:00:00,2024-04-01,2024-05-01,74,52,22,0.7027027027027027,100879.52970409552,0.20808132641724061,0.006,0.011
2024-04-11 21:00:00,2024-04-01,2024-05-01,74,52,22,0.7027027027027027,100879.52970409552,0.20808132641724061,0.006,0.011
2024-04-12 09:00:00,2024-04-01,2024-05-01,74,52,22,0.7027027027027027,100879.52970409552,-0.6386072334978206,0.006,0.011
2024-04-12 09:00:00,2024-04-01,2024-05-01,74,52,22,0.7027027027027027,100879.52970409552,-0.6386072334978206,0.006,0.011
2024-04-12 21:00:00,2024-04-01,2024-05-01,74,52,22,0.7027027027027027,100879.52970409552,-0.6386072334978206,0.006,0.011
2024-04-12 21:00:00,2024-04-01,2024-05-01,74,52,22,0.7027027027027027,100879.52970409552,-0.6386072334978206,0.006,0.011
2024-04-13 00:00:00,2024-04-01,2024-05-01,74,52,22,0.7027027027027027,100879.52970409552,-0.6386072334978464,0.006,0.011
2024-04-13 00:00:00,2024-04-01,2024-05-01,74,52,22,0.7027027027027027,100879.52970409552,-0.6386072334978464,0.006,0.011
2024-04-13 20:00:00,2024-04-01,2024-05-01,74,52,22,0.7027027027027027,100879.52970409552,-0.6386072334978464,0.006,0.011
2024-04-13 20:00:00,2024-04-01,2024-05-01,74,52,22,0.7027027027027027,100879.52970409552,-0.6386072334978464,0.006,0.011
2024-04-14 00:00:00,2024-04-01,2024-05-01,74,52,22,0.7027027027027027,100879.52970409552,1.061984776316507,0.006,0.011
2024-04-14 00:00:00,2024-04-01,2024-05-01,74,52,22,0.7027027027027027,100879.52970409552,1.061984776316507,0.006,0.011
2024-04-14 05:00:00,2024-04-01,2024-05-01,74,52,22,0.7027027027027027,100879.52970409552,1.061984776316507,0.006,0.011
2024-04-14 05:00:00,2024-04-01,2024-05-01,74,52,22,0.7027027027027027,100879.52970409552,1.061984776316507,0.006,0.011
2024-04-15 07:00:00,2024-04-01,2024-05-01,74,52,22,0.7027027027027027,100879.52970409552,1.061984776316528,0.006,0.011
2024-04-15 07:00:00,2024-04-01,2024-05-01,74,52,22,0.7027027027027027,100879.52970409552,1.061984776316528,0.006,0.011
2024-04-15 20:00:00,2024-04-01,2024-05-01,74,52,22,0.7027027027027027,100879.52970409552,1.061984776316528,0.006,0.011
2024-04-15 20:00:00,2024-04-01,2024-05-01,74,52,22,0.7027027027027027,100879.52970409552,1.061984776316528,0.006,0.011
2024-04-17 12:00:00,2024-04-01,2024-05-01,74,52,22,0.7027027027027027,100879.52970409552,0.20808132641721602,0.006,0.011
2024-04-17 12:00:00,2024-04-01,2024-05-01,74,52,22,0.7027027027027027,100879.52970409552,0.20808132641721602,0.006,0.011
2024-04-17 16:00:00,2024-04-01,2024-05-01,74,52,22,0.7027027027027027,100879.52970409552,0.20808132641721602,0.006,0.011
2024-04-17 16:00:00,2024-04-01,2024-05-01,74,52,22,0.7027027027027027,100879.52970409552,0.20808132641721602,0.006,0.011
2024-04-18 15:00:00,2024-04-01,2024-05-01,74,52,22,0.7027027027027027,100879.52970409552,0.5295900600000016,0.006,0.011
2024-04-18 15:00:00,2024-04-01,2024-05-01,74,52,22,0.7027027027027027,100879.52970409552,0.5295900600000016,0.006,0.011
2024-04-19 15:00:00,2024-04-01,2024-05-01,74,52,22,0.7027027027027027,100879.52970409552,-0.3198150250000038,0.006,0.011
2024-04-19 15:00:00,2024-04-01,2024-05-01,74,52,22,0.7027027027027027,100879.52970409552,-0.3198150250000038,0.006,0.011
2024-04-20 02:00:00,2024-04-01,2024-05-01,74,52,22,0.7027027027027027,100879.52970409552,0.20808132641723007,0.006,0.011
2024-04-20 02:00:00,2024-04-01,2024-05-01,74,52,22,0.7027027027027027,100879.52970409552,0.20808132641723007,0.006,0.011
2024-04-20 20:00:00,2024-04-01,2024-05-01,74,52,22,0.7027027027027027,100879.52970409552,0.20808132641723007,0.006,0.011
2024-04-20 20:00:00,2024-04-01,2024-05-01,74,52,22,0.7027027027027027,100879.52970409552,0.20808132641723007,0.006,0.011
2024-04-21 20:00:00,2024-04-01,2024-05-01,74,52,22,0.7027027027027027,100879.52970409552,-0.31981502499998304,0.006,0.011
2024-04-21 20:00:00,2024-04-01,2024-05-01,74,52,22,0.7027027027027027,100879.52970409552,-0.31981502499998304,0.006,0.011
2024-04-22 15:00:00,2024-04-01,2024-05-01,74,52,22,0.7027027027027027,100879.52970409552,-0.3198150249999933,0.006,0.011
2024-04-22 15:00:00,2024-04-01,2024-05-01,74,52,22,0.7027027027027027,100879.52970409552,-0.3198150249999933,0.006,0.011
2024-04-23 04:00:00,2024-04-01,2024-05-01,74,52,22,0.7027027027027027,100879.52970409552,0.5295900600000094,0.006,0.011
2024-04-23 04:00:00,2024-04-01,2024-05-01,74,52,22,0.7027027027027027,100879.52970409552,0.5295900600000094,0.006,0.011
2024-04-24 21:00:00,2024-04-01,2024-05-01,74,52,22,0.7027027027027027,100879.52970409552,-0.319815024999984,0.006,0.011
2024-04-24 21:00:00,2024-04-01,2024-05-01,74,52,22,0.7027027027027027,100879.52970409552,-0.319815024999984,0.006,0.011
2024-04-25 08:00:00,2024-04-01,2024-05-01,74,52,22,0.7027027027027027,100879.52970409552,0.20808132641722496,0.006,0.011
2024-04-25 08:00:00,2024-04-01,2024-05-01,74,52,22,0.7027027027027027,100879.52970409552,0.20808132641722496,0.006,0.011
2024-04-25 21:00:00,2024-04-01,2024-05-01,74,52,22,0.7027027027027027,100879.52970409552,0.20808132641722496,0.006,0.011
2024-04-25 21:00:00,2024-04-01,2024-05-01,74,52,22,0.7027027027027027,100879.52970409552,0.20808132641722496,0.006,0.011
2024-04-26 20:00:00,2024-04-01,2024-05-01,74,52,22,0.7027027027027027,100879.52970409552,-0.31981502499999304,0.006,0.011
2024-04-26 20:00:00,2024-04-01,2024-05-01,74,52,22,0.7027027027027027,100879.52970409552,-0.31981502499999304,0.006,0.011
2024-04-27 04:00:00,2024-04-01,2024-05-01,74,52,22,0.7027027027027027,100879.52970409552,-0.6386072334978177,0.006,0.011
2024-04-27 04:00:00,2024-04-01,2024-05-01,74,52,22,0.7027027027027027,100879.52970409552,-0.6386072334978177,0.006,0.011
2024-04-27 12:00:00,2024-04-01,2024-05-01,74,52,22,0.7027027027027027,100879.52970409552,-0.6386072334978177,0.006,0.011
2024-04-27 12:00:00,2024-04-01,2024-05-01,74,52,22,0.7027027027027027,100879.52970409552,-0.6386072334978177,0.006,0.011
2024-04-28 08:00:00,2024-04-01,2024-05-01,74,52,22,0.7027027027027027,100879.52970409552,-0.31981502499998105,0.006,0.011
2024-04-28 08:00:00,2024-04-01,2024-05-01,74,52,22,0.7027027027027027,100879.52970409552,-0.31981502499998105,0.006,0.011
2024-04-29 04:00:00,2024-04-01,2024-05-01,74,52,22,0.7027027027027027,100879.52970409552,-0.3198150249999862,0.006,0.011
2024-04-29 04:00:00,2024-04-01,2024-05-01,74,52,22,0.7027027027027027,100879.52970409552,-0.3198150249999862,0.006,0.011
2024-04-30 03:00:00,2024-04-01,2024-05-01,74,52,22,0.7027027027027027,100879.52970409552,-0.31981502499999825,0.006,0.011
2024-04-30 03:00:00,2024-04-01,2024-05-01,74,52,22,0.7027027027027027,100879.52970409552,-0.31981502499999825,0.006,0.011
2024-05-02 09:00:00,2024-05-01,2024-06-01,76,50,26,0.6578947368421053,98029.4700991567,-0.319815024999989,0.006,0.011
2024-05-02 09:00:00,2024-05-01,2024-06-01,76,50,26,0.6578947368421053,98029.4700991567,-0.319815024999989,0.006,0.011
2024-05-03 00:00:00,2024-05-01,2024-06-01,76,50,26,0.6578947368421053,98029.4700991567,-0.956379896614366,0.006,0.011
2024-05-03 00:00:00,2024-05-01,2024-06-01,76,50,26,0.6578947368421053,98029.4700991567,-0.956379896614366,0.006,0.011
2024-05-03 05:00:00,2024-05-01,2024-06-01,76,50,26,0.6578947368421053,98029.4700991567,-0.956379896614366,0.006,0.011
2024-05-03 05:00:00,2024-05-01,2024-06-01,76,50,26,0.6578947368421053,98029.4700991567,-0.956379896614366,0.006,0.011
2024-05-03 12:00:00,2024-05-01,2024-06-01,76,50,26,0.6578947368421053,98029.4700991567,-0.956379896614366,0.006,0.011
2024-05-03 12:00:00,2024-05-01,2024-06-01,76,50,26,0.6578947368421053,98029.4700991567,-0.956379896614366,0.006,0.011
2024-05-04 11:00:00,2024-05-01,2024-06-01,76,50,26,0.6578947368421053,98029.4700991567,-0.31981502499998865,0.006,0.011
2024-05-04 11:00:00,2024-05-01,2024-06-01,76,50,26,0.6578947368421053,98029.4700991567,-0.31981502499998865,0.006,0.011
2024-05-05 11:00:00,2024-05-01,2024-06-01,76,50,26,0.6578947368421053,98029.4700991567,-0.6386072334978196,0.006,0.011
2024-05-05 11:00:00,2024-05-01,2024-06-01,76,50,26,0.6578947368421053,98029.4700991567,-0.6386072334978196,0.006,0.011
2024-05-05 18:00:00,2024-05-01,2024-06-01,76,50,26,0.6578947368421053,98029.4700991567,-0.6386072334978196,0.006,0.011
2024-05-05 18:00:00,2024-05-01,2024-06-01,76,50,26,0.6578947368421053,98029.4700991567,-0.6386072334978196,0.006,0.011
2024-05-06 04:00:00,2024-05-01,2024-06-01,76,50,26,0.6578947368421053,98029.4700991567,-0.3198150249999844,0.006,0.011
2024-05-06 04:00:00,2024-05-01,2024-06-01,76,50,26,0.6578947368421053,98029.4700991567,-0.3198150249999844,0.006,0.011
2024-05-07 05:00:00,2024-05-01,2024-06-01,76,50,26,0.6578947368421053,98029.4700991567,-0.31981502499998915,0.006,0.011
2024-05-07 05:00:00,2024-05-01,2024-06-01,76,50,26,0.6578947368421053,98029.4700991567,-0.31981502499998915,0.006,0.011
2024-05-08 08:00:00,2024-05-01,2024-06-01,76,50,26,0.6578947368421053,98029.4700991567,0.2080813264172214,0.006,0.011
2024-05-08 08:00:00,2024-05-01,2024-06-01,76,50,26,0.6578947368421053,98029.4700991567,0.2080813264172214,0.006,0.011
2024-05-08 20:00:00,2024-05-01,2024-06-01,76,50,26,0.6578947368421053,98029.4700991567,0.2080813264172214,0.006,0.011
2024-05-08 20:00:00,2024-05-01,2024-06-01,76,50,26,0.6578947368421053,98029.4700991567,0.2080813264172214,0.006,0.011
2024-05-09 15:00:00,2024-05-01,2024-06-01,76,50,26,0.6578947368421053,98029.4700991567,0.5295900600000054,0.006,0.011
2024-05-09 15:00:00,2024-05-01,2024-06-01,76,50,26,0.6578947368421053,98029.4700991567,0.5295900600000054,0.006,0.011
2024-05-10 12:00:00,2024-05-01,2024-06-01,76,50,26,0.6578947368421053,98029.4700991567,-0.319815025000006,0.006,0.011
2024-05-10 12:00:00,2024-05-01,2024-06-01,76,50,26,0.6578947368421053,98029.4700991567,-0.319815025000006,0.006,0.011
2024-05-11 00:00:00,2024-05-01,2024-06-01,76,50,26,0.6578947368421053,98029.4700991567,-0.3198150249999836,0.006,0.011
2024-05-11 00:00:00,2024-05-01,2024-06-01,76,50,26,0.6578947368421053,98029.4700991567,-0.3198150249999836,0.006,0.011
2024-05-12 01:00:00,2024-05-01,2024-06-01,76,50,26,0.6578947368421053,98029.4700991567,0.2080813264172161,0.006,0.011
2024-05-12 01:00:00,2024-05-01,2024-06-01,76,50,26,0.6578947368421053,98029.4700991567,0.2080813264172161,0.006,0.011
2024-05-12 20:00:00,2024-05-01,2024-06-01,76,50,26,0.6578947368421053,98029.4700991567,0.2080813264172161,0.006,0.011
2024-05-12 20:00:00,2024-05-01,2024-06-01,76,50,26,0.6578947368421053,98029.4700991567,0.2080813264172161,0.006,0.011
2024-05-13 10:00:00,2024-05-01,2024-06-01,76,50,26,0.6578947368421053,98029.4700991567,-0.3198150249999886,0.006,0.011
2024-05-13 10:00:00,2024-05-01,2024-06-01,76,50,26,0.6578947368421053,98029.4700991567,-0.3198150249999886,0.006,0.011
2024-05-14 04:00:00,2024-05-01,2024-06-01,76,50,26,0.6578947368421053,98029.4700991567,-0.319815024999989,0.006,0.011
2024-05-14 04:00:00,2024-05-01,2024-06-01,76,50,26,0.6578947368421053,98029.4700991567,-0.319815024999989,0.006,0.011
2024-05-15 11:00:00,2024-05-01,2024-06-01,76,50,26,0.6578947368421053,98029.4700991567,0.20808132641723676,0.006,0.011
2024-05-15 11:00:00,2024-05-01,2024-06-01,76,50,26,0.6578947368421053,98029.4700991567,0.20808132641723676,0.006,0.011
2024-05-15 18:00:00,2024-05-01,2024-06-01,76,50,26,0.6578947368421053,98029.4700991567,0.20808132641723676,0.006,0.011
2024-05-15 18:00:00,2024-05-01,2024-06-01,76,50,26,0.6578947368421053,98029.4700991567,0.20808132641723676,0.006,0.011
2024-05-16 03:00:00,2024-05-01,2024-06-01,76,50,26,0.6578947368421053,98029.4700991567,-0.3198150249999928,0.006,0.011
2024-05-16 03:00:00,2024-05-01,2024-06-01,76,50,26,0.6578947368421053,98029.4700991567,-0.3198150249999928,0.006,0.011
2024-05-17 00:00:00,2024-05-01,2024-06-01,76,50,26,0.6578947368421053,98029.4700991567,0.2080813264172286,0.006,0.011
2024-05-17 00:00:00,2024-05-01,2024-06-01,76,50,26,0.6578947368421053,98029.4700991567,0.2080813264172286,0.006,0.011
2024-05-17 16:00:00,2024-05-01,2024-06-01,76,50,26,0.6578947368421053,98029.4700991567,0.2080813264172286,0.006,0.011
2024-05-17 16:00:00,2024-05-01,2024-06-01,76,50,26,0.6578947368421053,98029.4700991567,0.2080813264172286,0.006,0.011
2024-05-18 12:00:00,2024-05-01,2024-06-01,76,50,26,0.6578947368421053,98029.4700991567,0.20808132641723298,0.006,0.011
2024-05-18 12:00:00,2024-05-01,2024-06-01,76,50,26,0.6578947368421053,98029.4700991567,0.20808132641723298,0.006,0.011
2024-05-18 17:00:00,2024-05-01,2024-06-01,76,50,26,0.6578947368421053,98029.4700991567,0.20808132641723298,0.006,0.011
2024-05-18 17:00:00,2024-05-01,2024-06-01,76,50,26,0.6578947368421053,98029.4700991567,0.20808132641723298,0.006,0.011
2024-05-19 10:00:00,2024-05-01,2024-06-01,76,50,26,0.6578947368421053,98029.4700991567,-0.3198150249999754,0.006,0.011
2024-05-19 10:00:00,2024-05-01,2024-06-01,76,50,26,0.6578947368421053,98029.4700991567,-0.3198150249999754,0.006,0.011
2024-05-20 01:00:00,2024-05-01,2024-06-01,76,50,26,0.6578947368421053,98029.4700991567,-0.9563798966143601,0.006,0.011
2024-05-20 01:00:00,2024-05-01,2024-06-01,76,50,26,0.6578947368421053,98029.4700991567,-0.9563798966143601,0.006,0.011
2024-05-20 12:00:00,2024-05-01,2024-06-01,76,50,26,0.6578947368421053,98029.4700991567,-0.9563798966143601,0.006,0.011
2024-05-20 12:00:00,2024-05-01,2024-06-01,76,50,26,0.6578947368421053,98029.4700991567,-0.9563798966143601,0.006,0.011
2024-05-20 21:00:00,2024-05-01,2024-06-01,76,50,26,0.6578947368421053,98029.4700991567,-0.9563798966143601,0.006,0.011
2024-05-20 21:00:00,2024-05-01,2024-06-01,76,50,26,0.6578947368421053,98029.4700991567,-0.9563798966143601,0.006,0.011
2024-05-21 17:00:00,2024-05-01,2024-06-01,76,50,26,0.6578947368421053,98029.4700991567,1.0619847763165384,0.006,0.011
2024-05-21 17:00:00,2024-05-01,2024-06-01,76,50,26,0.6578947368421053,98029.4700991567,1.0619847763165384,0.006,0.011
2024-05-21 21:00:00,2024-05-01,2024-06-01,76,50,26,0.6578947368421053,98029.4700991567,1.0619847763165384,0.006,0.011
2024-05-21 21:00:00,2024-05-01,2024-06-01,76,50,26,0.6578947368421053,98029.4700991567,1.0619847763165384,0.006,0.011
2024-05-23 00:00:00,2024-05-01,2024-06-01,76,50,26,0.6578947368421053,98029.4700991567,0.5295900600000031,0.006,0.011
2024-05-23 00:00:00,2024-05-01,2024-06-01,76,50,26,0.6578947368421053,98029.4700991567,0.5295900600000031,0.006,0.011
2024-05-24 08:00:00,2024-05-01,2024-06-01,76,50,26,0.6578947368421053,98029.4700991567,-0.31981502500000186,0.006,0.011
2024-05-24 08:00:00,2024-05-01,2024-06-01,76,50,26,0.6578947368421053,98029.4700991567,-0.31981502500000186,0.006,0.011
2024-05-25 09:00:00,2024-05-01,2024-06-01,76,50,26,0.6578947368421053,98029.4700991567,1.0619847763165353,0.006,0.011
2024-05-25 09:00:00,2024-05-01,2024-06-01,76,50,26,0.6578947368421053,98029.4700991567,1.0619847763165353,0.006,0.011
2024-05-25 20:00:00,2024-05-01,2024-06-01,76,50,26,0.6578947368421053,98029.4700991567,1.0619847763165353,0.006,0.011
2024-05-25 20:00:00,2024-05-01,2024-06-01,76,50,26,0.6578947368421053,98029.4700991567,1.0619847763165353,0.006,0.011
2024-05-26 23:00:00,2024-05-01,2024-06-01,76,50,26,0.6578947368421053,98029.4700991567,-0.3198150249999954,0.006,0.011
2024-05-26 23:00:00,2024-05-01,2024-06-01,76,50,26,0.6578947368421053,98029.4700991567,-0.3198150249999954,0.006,0.011
2024-05-27 08:00:00,2024-05-01,2024-06-01,76,50,26,0.6578947368421053,98029.4700991567,-0.3198150249999821,0.006,0.011
2024-05-27 08:00:00,2024-05-01,2024-06-01,76,50,26,0.6578947368421053,98029.4700991567,-0.3198150249999821,0.006,0.011
2024-05-29 14:00:00,2024-05-01,2024-06-01,76,50,26,0.6578947368421053,98029.4700991567,0.5295900600000072,0.006,0.011
2024-05-29 14:00:00,2024-05-01,2024-06-01,76,50,26,0.6578947368421053,98029.4700991567,0.5295900600000072,0.006,0.011
2024-06-01 00:00:00,2024-06-01,2024-07-01,70,46,24,0.6571428571428571,98246.53686759225,0.15865059226914308,0.005,0.009000000000000001
2024-06-01 00:00:00,2024-06-01,2024-07-01,70,46,24,0.6571428571428571,98246.53686759225,0.15865059226914308,0.005,0.009000000000000001
2024-06-01 23:00:00,2024-06-01,2024-07-01,70,46,24,0.6571428571428571,98246.53686759225,0.15865059226914308,0.005,0.009000000000000001
2024-06-01 23:00:00,2024-06-01,2024-07-01,70,46,24,0.6571428571428571,98246.53686759225,0.15865059226914308,0.005,0.009000000000000001
2024-06-03 02:00:00,2024-06-01,2024-07-01,70,46,24,0.6571428571428571,98246.53686759225,-0.2698500200000075,0.005,0.009000000000000001
2024-06-03 02:00:00,2024-06-01,2024-07-01,70,46,24,0.6571428571428571,98246.53686759225,-0.2698500200000075,0.005,0.009000000000000001
2024-06-04 01:00:00,2024-06-01,2024-07-01,70,46,24,0.6571428571428571,98246.53686759225,-0.2698500199999998,0.005,0.009000000000000001
2024-06-04 01:00:00,2024-06-01,2024-07-01,70,46,24,0.6571428571428571,98246.53686759225,-0.2698500199999998,0.005,0.009000000000000001
2024-06-05 00:00:00,2024-06-01,2024-07-01,70,46,24,0.6571428571428571,98246.53686759225,0.8611661775856625,0.005,0.009000000000000001
2024-06-05 00:00:00,2024-06-01,2024-07-01,70,46,24,0.6571428571428571,98246.53686759225,0.8611661775856625,0.005,0.009000000000000001
2024-06-05 23:00:00,2024-06-01,2024-07-01,70,46,24,0.6571428571428571,98246.53686759225,0.8611661775856625,0.005,0.009000000000000001
2024-06-05 23:00:00,2024-06-01,2024-07-01,70,46,24,0.6571428571428571,98246.53686759225,0.8611661775856625,0.005,0.009000000000000001
2024-06-06 08:00:00,2024-06-01,2024-07-01,70,46,24,0.6571428571428571,98246.53686759225,-0.2698500200000082,0.005,0.009000000000000001
2024-06-06 08:00:00,2024-06-01,2024-07-01,70,46,24,0.6571428571428571,98246.53686759225,-0.2698500200000082,0.005,0.009000000000000001
2024-06-07 17:00:00,2024-06-01,2024-07-01,70,46,24,0.6571428571428571,98246.53686759225,-0.5389718496670561,0.005,0.009000000000000001
2024-06-07 17:00:00,2024-06-01,2024-07-01,70,46,24,0.6571428571428571,98246.53686759225,-0.5389718496670561,0.005,0.009000000000000001
2024-06-07 23:00:00,2024-06-01,2024-07-01,70,46,24,0.6571428571428571,98246.53686759225,-0.5389718496670561,0.005,0.009000000000000001
2024-06-07 23:00:00,2024-06-01,2024-07-01,70,46,24,0.6571428571428571,98246.53686759225,-0.5389718496670561,0.005,0.009000000000000001
2024-06-10 06:00:00,2024-06-01,2024-07-01,70,46,24,0.6571428571428571,98246.53686759225,-0.2698500199999846,0.005,0.009000000000000001
2024-06-10 06:00:00,2024-06-01,2024-07-01,70,46,24,0.6571428571428571,98246.53686759225,-0.2698500199999846,0.005,0.009000000000000001
2024-06-11 12:00:00,2024-06-01,2024-07-01,70,46,24,0.6571428571428571,98246.53686759225,-0.5389718496670673,0.005,0.009000000000000001
2024-06-11 12:00:00,2024-06-01,2024-07-01,70,46,24,0.6571428571428571,98246.53686759225,-0.5389718496670673,0.005,0.009000000000000001
2024-06-11 15:00:00,2024-06-01,2024-07-01,70,46,24,0.6571428571428571,98246.53686759225,-0.5389718496670673,0.005,0.009000000000000001
2024-06-11 15:00:00,2024-06-01,2024-07-01,70,46,24,0.6571428571428571,98246.53686759225,-0.5389718496670673,0.005,0.009000000000000001
2024-06-13 04:00:00,2024-06-01,2024-07-01,70,46,24,0.6571428571428571,98246.53686759225,0.15865059226913344,0.005,0.009000000000000001
2024-06-13 04:00:00,2024-06-01,2024-07-01,70,46,24,0.6571428571428571,98246.53686759225,0.15865059226913344,0.005,0.009000000000000001
2024-06-13 16:00:00,2024-06-01,2024-07-01,70,46,24,0.6571428571428571,98246.53686759225,0.15865059226913344,0.005,0.009000000000000001
2024-06-13 16:00:00,2024-06-01,2024-07-01,70,46,24,0.6571428571428571,98246.53686759225,0.15865059226913344,0.005,0.009000000000000001
2024-06-14 16:00:00,2024-06-01,2024-07-01,70,46,24,0.6571428571428571,98246.53686759225,0.15865059226916492,0.005,0.009000000000000001
2024-06-14 16:00:00,2024-06-01,2024-07-01,70,46,24,0.6571428571428571,98246.53686759225,0.15865059226916492,0.005,0.009000000000000001
2024-06-14 17:00:00,2024-06-01,2024-07-01,70,46,24,0.6571428571428571,98246.53686759225,0.15865059226916492,0.005,0.009000000000000001
2024-06-14 17:00:00,2024-06-01,2024-07-01,70,46,24,0.6571428571428571,98246.53686759225,0.15865059226916492,0.005,0.009000000000000001
2024-06-16 11:00:00,2024-06-01,2024-07-01,70,46,24,0.6571428571428571,98246.53686759225,0.8611661775856495,0.005,0.009000000000000001
2024-06-16 11:00:00,2024-06-01,2024-07-01,70,46,24,0.6571428571428571,98246.53686759225,0.8611661775856495,0.005,0.009000000000000001
2024-06-16 17:00:00,2024-06-01,2024-07-01,70,46,24,0.6571428571428571,98246.53686759225,0.8611661775856495,0.005,0.009000000000000001
2024-06-16 17:00:00,2024-06-01,2024-07-01,70,46,24,0.6571428571428571,98246.53686759225,0.8611661775856495,0.005,0.009000000000000001
2024-06-17 04:00:00,2024-06-01,2024-07-01,70,46,24,0.6571428571428571,98246.53686759225,0.15865059226914613,0.005,0.009000000000000001
2024-06-17 04:00:00,2024-06-01,2024-07-01,70,46,24,0.6571428571428571,98246.53686759225,0.15865059226914613,0.005,0.009000000000000001
2024-06-17 12:00:00,2024-06-01,2024-07-01,70,46,24,0.6571428571428571,98246.53686759225,0.15865059226914613,0.005,0.009000000000000001
2024-06-17 12:00:00,2024-06-01,2024-07-01,70,46,24,0.6571428571428571,98246.53686759225,0.15865059226914613,0.005,0.009000000000000001
2024-06-18 02:00:00,2024-06-01,2024-07-01,70,46,24,0.6571428571428571,98246.53686759225,0.15865059226912995,0.005,0.009000000000000001
2024-06-18 02:00:00,2024-06-01,2024-07-01,70,46,24,0.6571428571428571,98246.53686759225,0.15865059226912995,0.005,0.009000000000000001
2024-06-18 16:00:00,2024-06-01,2024-07-01,70,46,24,0.6571428571428571,98246.53686759225,0.15865059226912995,0.005,0.009000000000000001
2024-06-18 16:00:00,2024-06-01,2024-07-01,70,46,24,0.6571428571428571,98246.53686759225,0.15865059226912995,0.005,0.009000000000000001
2024-06-20 18:00:00,2024-06-01,2024-07-01,70,46,24,0.6571428571428571,98246.53686759225,-0.2698500200000002,0.005,0.009000000000000001
2024-06-20 18:00:00,2024-06-01,2024-07-01,70,46,24,0.6571428571428571,98246.53686759225,-0.2698500200000002,0.005,0.009000000000000001
2024-06-21 08:00:00,2024-06-01,2024-07-01,70,46,24,0.6571428571428571,98246.53686759225,0.1586505922691505,0.005,0.009000000000000001
2024-06-21 08:00:00,2024-06-01,2024-07-01,70,46,24,0.6571428571428571,98246.53686759225,0.1586505922691505,0.005,0.009000000000000001
2024-06-21 20:00:00,2024-06-01,2024-07-01,70,46,24,0.6571428571428571,98246.53686759225,0.1586505922691505,0.005,0.009000000000000001
2024-06-21 20:00:00,2024-06-01,2024-07-01,70,46,24,0.6571428571428571,98246.53686759225,0.1586505922691505,0.005,0.009000000000000001
2024-06-23 12:00:00,2024-06-01,2024-07-01,70,46,24,0.6571428571428571,98246.53686759225,-0.2698500200000012,0.005,0.009000000000000001
2024-06-23 12:00:00,2024-06-01,2024-07-01,70,46,24,0.6571428571428571,98246.53686759225,-0.2698500200000012,0.005,0.009000000000000001
2024-06-24 02:00:00,2024-06-01,2024-07-01,70,46,24,0.6571428571428571,98246.53686759225,-0.2698500199999941,0.005,0.009000000000000001
2024-06-24 02:00:00,2024-06-01,2024-07-01,70,46,24,0.6571428571428571,98246.53686759225,-0.2698500199999941,0.005,0.009000000000000001
2024-06-25 04:00:00,2024-06-01,2024-07-01,70,46,24,0.6571428571428571,98246.53686759225,-0.5389718496670536,0.005,0.009000000000000001
2024-06-25 04:00:00,2024-06-01,2024-07-01,70,46,24,0.6571428571428571,98246.53686759225,-0.5389718496670536,0.005,0.009000000000000001
2024-06-25 12:00:00,2024-06-01,2024-07-01,70,46,24,0.6571428571428571,98246.53686759225,-0.5389718496670536,0.005,0.009000000000000001
2024-06-25 12:00:00,2024-06-01,2024-07-01,70,46,24,0.6571428571428571,98246.53686759225,-0.5389718496670536,0.005,0.009000000000000001
2024-06-26 13:00:00,2024-06-01,2024-07-01,70,46,24,0.6571428571428571,98246.53686759225,-0.2698500200000116,0.005,0.009000000000000001
2024-06-26 13:00:00,2024-06-01,2024-07-01,70,46,24,0.6571428571428571,98246.53686759225,-0.2698500200000116,0.005,0.009000000000000001
2024-06-27 08:00:00,2024-06-01,2024-07-01,70,46,24,0.6571428571428571,98246.53686759225,-0.2698500200000056,0.005,0.009000000000000001
2024-06-27 08:00:00,2024-06-01,2024-07-01,70,46,24,0.6571428571428571,98246.53686759225,-0.2698500200000056,0.005,0.009000000000000001
2024-06-28 08:00:00,2024-06-01,2024-07-01,70,46,24,0.6571428571428571,98246.53686759225,0.15865059226911468,0.005,0.009000000000000001
2024-06-28 08:00:00,2024-06-01,2024-07-01,70,46,24,0.6571428571428571,98246.53686759225,0.15865059226911468,0.005,0.009000000000000001
2024-06-28 16:00:00,2024-06-01,2024-07-01,70,46,24,0.6571428571428571,98246.53686759225,0.15865059226911468,0.005,0.009000000000000001
2024-06-28 16:00:00,2024-06-01,2024-07-01,70,46,24,0.6571428571428571,98246.53686759225,0.15865059226911468,0.005,0.009000000000000001
2024-06-29 03:00:00,2024-06-01,2024-07-01,70,46,24,0.6571428571428571,98246.53686759225,-0.2698500199999887,0.005,0.009000000000000001
2024-06-29 03:00:00,2024-06-01,2024-07-01,70,46,24,0.6571428571428571,98246.53686759225,-0.2698500199999887,0.005,0.009000000000000001
2024-06-30 06:00:00,2024-06-01,2024-07-01,70,46,24,0.6571428571428571,98246.53686759225,-0.26985001999999214,0.005,0.009000000000000001
2024-06-30 06:00:00,2024-06-01,2024-07-01,70,46,24,0.6571428571428571,98246.53686759225,-0.26985001999999214,0.005,0.009000000000000001
