Datetime,Signal,events,event_datetimes
2024-01-01 00:00:00,-2,,
2024-01-01 16:00:00,2,,
2024-01-02 00:00:00,-2,Atlanta Fed GDPNow (Q4),2024-01-02 18:00:00
2024-01-02 22:00:00,2,Atlanta Fed GDPNow (Q4),2024-01-02 18:00:00
2024-01-05 00:00:00,2,"Unemployment Rate (Dec), Nonfarm Payrolls (Dec), Average Hourly Earnings (YoY) (YoY) (Dec), Average Hourly Earnings (MoM) (Dec), ISM Non-Manufacturing PMI (Dec)","2024-01-05 13:30:00, 2024-01-05 15:00:00"
2024-01-06 00:00:00,2,,
2024-01-06 20:00:00,2,,
2024-01-07 00:00:00,-2,,
2024-01-07 04:00:00,-2,,
2024-01-07 23:00:00,2,,
2024-01-08 20:00:00,-2,,
2024-01-11 16:00:00,-2,"CPI (MoM) (Dec), Core CPI Index (Dec), Core CPI (MoM) (Dec), Core CPI (YoY) (Dec), CPI (YoY) (Dec)",2024-01-11 13:30:00
2024-01-12 16:00:00,-2,,
2024-01-14 01:00:00,-2,,
2024-01-15 00:00:00,-2,,
2024-01-15 16:00:00,-2,,
2024-01-15 22:00:00,2,,
2024-01-16 16:00:00,2,,
2024-01-17 00:00:00,2,"Core Retail Sales (MoM) (Dec), Retail Sales (YoY) (Dec), Retail Sales (MoM) (Dec), Atlanta Fed GDPNow (Q4)","2024-01-17 13:30:00, 2024-01-17 18:00:00"
2024-01-19 04:00:00,2,,
2024-01-20 00:00:00,-2,,
2024-01-20 08:00:00,2,,
2024-01-22 17:00:00,-2,,
2024-01-23 16:00:00,-2,,
2024-01-24 16:00:00,2,,
2024-01-26 00:00:00,-2,"Core PCE Price Index (YoY) (Dec), Core PCE Price Index (MoM) (Dec), PCE Price index (YoY) (Dec), PCE price index (MoM) (Dec), Atlanta Fed GDPNow (Q1)","2024-01-26 13:30:00, 2024-01-26 16:30:00"
2024-01-27 00:00:00,2,,
2024-01-28 00:00:00,2,,
2024-01-28 16:00:00,-2,,
2024-01-30 08:00:00,-2,,
2024-01-30 16:00:00,2,,
2024-01-31 16:00:00,-2,Fed Interest Rate Decision,2024-01-31 19:00:00
2024-02-01 04:00:00,2,"ISM Manufacturing PMI (Jan), Atlanta Fed GDPNow (Q1), FOMC Press Conference","2024-02-01 15:00:00, 2024-02-01 17:45:00, 2024-02-01 19:30:00"
2024-02-03 00:00:00,-2,,
2024-02-05 08:00:00,-2,ISM Non-Manufacturing PMI (Jan),2024-02-05 15:00:00
2024-02-07 08:00:00,2,Atlanta Fed GDPNow (Q1),2024-02-07 16:30:00
2024-02-08 00:00:00,-2,Atlanta Fed GDPNow (Q1),2024-02-08 18:00:00
2024-02-09 09:00:00,2,,
2024-02-10 22:00:00,-2,,
2024-02-11 21:00:00,2,,
2024-02-13 00:00:00,-2,"Core CPI (MoM) (Jan), CPI (YoY) (Jan), Core CPI Index (Jan), Core CPI (YoY) (Jan), CPI (MoM) (Jan)",2024-02-13 13:30:00
2024-02-14 00:00:00,2,,
2024-02-14 10:00:00,-2,,
2024-02-16 00:00:00,-2,Atlanta Fed GDPNow (Q1),2024-02-16 16:30:00
2024-02-17 00:00:00,2,,
2024-02-17 16:00:00,2,,
2024-02-18 01:00:00,-2,,
2024-02-18 23:00:00,-2,,
2024-02-19 18:00:00,2,,
2024-02-21 00:00:00,-2,,
2024-02-22 08:00:00,-2,,
2024-02-24 05:00:00,-2,,
2024-02-25 08:00:00,-2,,
2024-02-26 17:00:00,-2,,
2024-02-27 02:00:00,-2,"Core Durable Goods Orders (MoM) (Jan), Durable Goods Orders (MoM) (Jan), Atlanta Fed GDPNow (Q1)","2024-02-27 13:30:00, 2024-02-27 16:30:00"
2024-02-28 13:00:00,-2,,
2024-02-29 22:00:00,2,"PCE Price index (YoY) (Jan), PCE price index (MoM) (Jan), Core PCE Price Index (YoY) (Jan), Core PCE Price Index (MoM) (Jan), Atlanta Fed GDPNow (Q1)","2024-02-29 13:30:00, 2024-02-29 16:30:00"
2024-03-01 08:00:00,2,"ISM Manufacturing PMI (Feb), Atlanta Fed GDPNow (Q1)","2024-03-01 15:00:00, 2024-03-01 18:00:00"
2024-03-01 11:00:00,2,"ISM Manufacturing PMI (Feb), Atlanta Fed GDPNow (Q1)","2024-03-01 15:00:00, 2024-03-01 18:00:00"
2024-03-02 16:00:00,-2,,
2024-03-03 19:00:00,-2,,
2024-03-04 08:00:00,-2,,
2024-03-04 21:00:00,2,,
2024-03-05 10:00:00,-2,ISM Non-Manufacturing PMI (Feb),2024-03-05 15:00:00
2024-03-05 20:00:00,2,ISM Non-Manufacturing PMI (Feb),2024-03-05 15:00:00
2024-03-07 14:00:00,-2,Atlanta Fed GDPNow (Q1),2024-03-07 16:30:00
2024-03-08 20:00:00,2,"Unemployment Rate (Feb), Nonfarm Payrolls (Feb), Average Hourly Earnings (MoM) (Feb), Average Hourly Earnings (YoY) (YoY) (Feb)",2024-03-08 13:30:00
2024-03-10 01:00:00,-2,,
2024-03-11 08:00:00,-2,,
2024-03-12 17:00:00,-2,"Core CPI (MoM) (Feb), Core CPI (YoY) (Feb), Core CPI Index (Feb), CPI (YoY) (Feb), CPI (MoM) (Feb)",2024-03-12 12:30:00
2024-03-13 00:00:00,2,,
2024-03-13 03:00:00,2,,
2024-03-13 19:00:00,2,,
2024-03-15 04:00:00,2,,
2024-03-15 20:00:00,2,,
2024-03-16 19:00:00,-2,,
2024-03-17 02:00:00,-2,,
2024-03-17 09:00:00,-2,,
2024-03-17 18:00:00,2,,
2024-03-19 00:00:00,2,Atlanta Fed GDPNow (Q1),2024-03-19 16:30:00
2024-03-19 09:00:00,-2,Atlanta Fed GDPNow (Q1),2024-03-19 16:30:00
2024-03-21 08:00:00,-2,,
2024-03-21 18:00:00,-2,,
2024-03-22 01:00:00,2,,
2024-03-22 16:00:00,-2,,
2024-03-24 08:00:00,-2,,
2024-03-24 16:00:00,-2,,
2024-03-24 18:00:00,-2,,
2024-03-25 07:00:00,2,,
2024-03-25 17:00:00,-2,,
2024-03-26 00:00:00,-2,"Core Durable Goods Orders (MoM) (Feb), Durable Goods Orders (MoM) (Feb), Atlanta Fed GDPNow (Q1)","2024-03-26 12:30:00, 2024-03-26 16:30:00"
2024-03-27 00:00:00,-2,,
2024-03-27 23:00:00,2,,
2024-03-28 12:00:00,-2,,
2024-03-28 20:00:00,2,,
2024-03-30 00:00:00,2,,
2024-03-30 17:00:00,-2,,
2024-03-31 08:00:00,-2,,
2024-04-01 06:00:00,2,"ISM Manufacturing PMI (Mar), Atlanta Fed GDPNow (Q1)","2024-04-01 14:00:00, 2024-04-01 18:00:00"
2024-04-04 00:00:00,2,Atlanta Fed GDPNow (Q1),2024-04-04 16:30:00
2024-04-05 02:00:00,2,"Average Hourly Earnings (MoM) (Mar), Nonfarm Payrolls (Mar), Unemployment Rate (Mar), Average Hourly Earnings (YoY) (YoY) (Mar)",2024-04-05 12:30:00
2024-04-05 19:00:00,2,"Average Hourly Earnings (MoM) (Mar), Nonfarm Payrolls (Mar), Unemployment Rate (Mar), Average Hourly Earnings (YoY) (YoY) (Mar)",2024-04-05 12:30:00
2024-04-06 08:00:00,-2,,
2024-04-07 01:00:00,-2,,
2024-04-08 09:00:00,-2,,
2024-04-11 04:00:00,-2,,
2024-04-11 21:00:00,2,,
2024-04-12 09:00:00,-2,,
2024-04-12 21:00:00,2,,
2024-04-13 00:00:00,-2,,
2024-04-13 20:00:00,2,,
2024-04-14 00:00:00,-2,,
2024-04-14 05:00:00,-2,,
2024-04-15 07:00:00,2,"Retail Sales (MoM) (Mar), Retail Sales (YoY) (Mar), Core Retail Sales (MoM) (Mar), Atlanta Fed GDPNow (Q1)","2024-04-15 12:30:00, 2024-04-15 17:00:00"
2024-04-15 20:00:00,-2,"Retail Sales (MoM) (Mar), Retail Sales (YoY) (Mar), Core Retail Sales (MoM) (Mar), Atlanta Fed GDPNow (Q1)","2024-04-15 12:30:00, 2024-04-15 17:00:00"
2024-04-17 12:00:00,2,,
2024-04-17 16:00:00,-2,,
2024-04-18 15:00:00,2,,
2024-04-19 15:00:00,-2,,
2024-04-20 02:00:00,2,,
2024-04-20 20:00:00,-2,,
2024-04-21 20:00:00,-2,,
2024-04-22 15:00:00,2,,
2024-04-23 04:00:00,-2,,
2024-04-24 21:00:00,-2,"Durable Goods Orders (MoM) (Mar), Core Durable Goods Orders (MoM) (Mar), Atlanta Fed GDPNow (Q1)","2024-04-24 12:30:00, 2024-04-24 15:00:00"
2024-04-25 08:00:00,2,,
2024-04-25 21:00:00,2,,
2024-04-26 20:00:00,-2,"Core PCE Price Index (MoM) (Mar), Core PCE Price Index (YoY) (Mar), PCE price index (MoM) (Mar), PCE Price index (YoY) (Mar), Atlanta Fed GDPNow (Q2)","2024-04-26 12:30:00, 2024-04-26 16:00:00"
2024-04-27 04:00:00,2,,
2024-04-27 12:00:00,-2,,
2024-04-28 08:00:00,-2,,
2024-04-29 04:00:00,2,,
2024-04-30 03:00:00,-2,,
2024-05-02 09:00:00,2,Atlanta Fed GDPNow (Q2),2024-05-02 17:00:00
2024-05-03 00:00:00,2,"Nonfarm Payrolls (Apr), Average Hourly Earnings (MoM) (Apr), Average Hourly Earnings (YoY) (YoY) (Apr), Unemployment Rate (Apr), ISM Non-Manufacturing PMI (Apr)","2024-05-03 12:30:00, 2024-05-03 14:00:00"
2024-05-03 05:00:00,2,"Nonfarm Payrolls (Apr), Average Hourly Earnings (MoM) (Apr), Average Hourly Earnings (YoY) (YoY) (Apr), Unemployment Rate (Apr), ISM Non-Manufacturing PMI (Apr)","2024-05-03 12:30:00, 2024-05-03 14:00:00"
2024-05-04 11:00:00,-2,,
2024-05-05 11:00:00,-2,,
2024-05-05 18:00:00,2,,
2024-05-06 04:00:00,2,,
2024-05-07 05:00:00,2,,
2024-05-08 08:00:00,2,Atlanta Fed GDPNow (Q2),2024-05-08 16:00:00
2024-05-08 20:00:00,-2,Atlanta Fed GDPNow (Q2),2024-05-08 16:00:00
2024-05-09 15:00:00,-2,,
2024-05-10 12:00:00,2,,
2024-05-11 00:00:00,-2,,
2024-05-12 01:00:00,2,,
2024-05-12 20:00:00,-2,,
2024-05-13 10:00:00,-2,,
2024-05-14 04:00:00,-2,,
2024-05-16 03:00:00,-2,Atlanta Fed GDPNow (Q2),2024-05-16 14:30:00
2024-05-17 00:00:00,2,,
2024-05-17 16:00:00,2,,
2024-05-18 12:00:00,-2,,
2024-05-18 17:00:00,-2,,
2024-05-19 10:00:00,-2,,
2024-05-20 01:00:00,2,,
2024-05-20 12:00:00,-2,,
2024-05-20 21:00:00,-2,,
2024-05-21 17:00:00,-2,,
2024-05-21 21:00:00,2,,
2024-05-23 00:00:00,-2,,
2024-05-24 08:00:00,2,"Core Durable Goods Orders (MoM) (Apr), Durable Goods Orders (MoM) (Apr), Atlanta Fed GDPNow (Q2)","2024-05-24 12:30:00, 2024-05-24 14:30:00"
2024-05-25 09:00:00,2,,
2024-05-25 20:00:00,-2,,
2024-05-26 23:00:00,2,,
2024-05-27 08:00:00,-2,,
2024-05-29 14:00:00,2,,
2024-06-01 00:00:00,-2,,
2024-06-01 23:00:00,2,,
2024-06-03 02:00:00,-2,"ISM Manufacturing PMI (May), Atlanta Fed GDPNow (Q2)","2024-06-03 14:00:00, 2024-06-03 16:00:00"
2024-06-04 01:00:00,2,,
2024-06-05 00:00:00,-2,ISM Non-Manufacturing PMI (May),2024-06-05 14:00:00
2024-06-05 23:00:00,2,ISM Non-Manufacturing PMI (May),2024-06-05 14:00:00
2024-06-06 08:00:00,-2,Atlanta Fed GDPNow (Q2),2024-06-06 14:20:00
2024-06-07 23:00:00,2,"Average Hourly Earnings (MoM) (May), Unemployment Rate (May), Nonfarm Payrolls (May), Average Hourly Earnings (YoY) (YoY) (May), Atlanta Fed GDPNow (Q2)","2024-06-07 12:30:00, 2024-06-07 17:00:00"
2024-06-10 06:00:00,-2,,
2024-06-11 12:00:00,2,,
2024-06-11 15:00:00,-2,,
2024-06-13 04:00:00,2,,
2024-06-13 16:00:00,-2,,
2024-06-14 16:00:00,-2,,
2024-06-14 17:00:00,2,,
2024-06-16 11:00:00,2,,
2024-06-16 17:00:00,-2,,
2024-06-17 04:00:00,-2,,
2024-06-17 12:00:00,2,,
2024-06-18 02:00:00,2,"Retail Sales (YoY) (May), Retail Sales (MoM) (May), Core Retail Sales (MoM) (May), Atlanta Fed GDPNow (Q2)","2024-06-18 12:30:00, 2024-06-18 16:00:00"
2024-06-20 18:00:00,-2,Atlanta Fed GDPNow (Q2),2024-06-20 14:30:00
2024-06-21 08:00:00,2,,
2024-06-21 20:00:00,-2,,
2024-06-23 12:00:00,-2,,
2024-06-24 02:00:00,2,,
2024-06-25 04:00:00,2,,
2024-06-25 12:00:00,-2,,
2024-06-26 13:00:00,-2,,
2024-06-27 08:00:00,-2,"Durable Goods Orders (MoM) (May), Core Durable Goods Orders (MoM) (May), Atlanta Fed GDPNow (Q2)","2024-06-27 12:30:00, 2024-06-27 14:30:00"
2024-06-28 08:00:00,2,"Core PCE Price Index (MoM) (May), Core PCE Price Index (YoY) (May), PCE Price index (YoY) (May), PCE price index (MoM) (May), Atlanta Fed GDPNow (Q2)","2024-06-28 12:30:00, 2024-06-28 14:30:00"
2024-06-29 03:00:00,2,,
2024-06-30 06:00:00,-2,,
