Unnamed: 0,Date,Optimized TP,Optimized SL,Percentage Change,ROI,Trend_2,Trend_4,Trend_6,ATR_1,Trend_2_pct,Trend_4_pct,Trend_6_pct,ATR_1_pct,tp_atr_difference,sl_atr_difference,percentage_change_atr_difference
0,2024-01-01 01:00:00,0.007,0.008,0.0003,0.62952,11.549999999999272,-8.725000000000364,36.84999999999976,48.400000000001455,0.0002717800534618,-0.0002053057113813,0.0008671077896163,0.0011388878430782,0.0058611121569218,0.0068611121569218,-0.0008388878430782001
1,2024-01-01 17:00:00,0.013,0.004,0.0003,1.2291,1.0499999999992724,-17.475000000000364,-12.583333333333334,63.09999999999855,2.452692238512109e-05,-0.0004081980654098,-0.0002939337523933,0.0014739512404782,0.0115260487595218,0.0025260487595218,-0.0011739512404782002
2,2024-01-02 23:00:00,0.012,0.008,0.0002,1.12917,31.049999999999272,-43.57500000000073,6.449999999999515,87.30000000000291,0.0006897133857707,-0.0009679311041856,0.0001432737951117,0.0019391941570947,0.0100608058429053,0.0060608058429053,-0.0017391941570947
3,2024-01-06 01:00:00,0.011,0.003,0.0001,-0.36978,4.600000000002183,-19.77499999999964,-0.9499999999995148,111.5,0.0001044542944339,-0.0004490399287894,-2.157208254613053e-05,0.0025318812672576,0.0084681187327424,0.0004681187327424002,-0.0024318812672576
4,2024-01-06 05:00:00,0.011,0.011,0.0004,1.02924,-42.85000000000218,-21.725000000000364,-24.650000000000244,81.79999999999563,-0.0009776475768714,-0.0004956684622527,-0.0005624040319691,0.0018663143941207,0.009133685605879299,0.009133685605879299,-0.0014663143941207
5,2024-01-06 21:00:00,0.013,0.009,0.0014,1.2291,-8.899999999997817,15.149999999999636,-6.966666666665939,118.90000000000146,-0.0002030669961371,0.0003456702237615,-0.0001589550643919,0.0027128838023268,0.0102871161976732,0.0062871161976732,-0.0013128838023268002
6,2024-01-07 05:00:00,0.013,0.012,0.0002,1.2291,7.849999999998545,33.02499999999964,15.083333333333334,73.39999999999418,0.0001783049446118,0.0007501300376825,0.0003426029190525,0.0016672080171353,0.0113327919828647,0.0103327919828647,-0.0014672080171353
7,2024-01-08 00:00:00,0.005,0.003,0.0009,-0.36978,105.54999999999929,-32.475000000000364,-25.733333333333576,164.90000000000146,0.0024092617912307,-0.0007412674246349,-0.0005873835789768,0.003763972234713,0.0012360277652870002,-0.0007639722347129998,-0.002863972234713
8,2024-01-08 21:00:00,0.011,0.009,0.0008,1.02924,-9.5,-30.02499999999964,8.550000000000486,311.2000000000044,-0.0002026243046787,-0.0006403994471555,0.0001823618742108,0.0066375456437908,0.004362454356209199,0.0023624543562091992,-0.0058375456437908
9,2024-01-11 17:00:00,0.01,0.009,0.0007,0.92931,22.349999999998545,41.09999999999855,-160.78333333333407,366.2999999999956,0.000483006178589,0.000888212704251,-0.0034746909804989,0.0079161146853327,0.0020838853146672998,0.0010838853146672989,-0.0072161146853327
10,2024-01-12 17:00:00,0.013,0.011,0.0009,1.2291,9.600000000002185,-191.5,-156.1999999999995,346.3000000000029,0.0002200477228499,-0.0043894936380994,-0.0035803598238701,0.007937763169054,0.005062236830945999,0.003062236830945999,-0.007037763169054001
11,2024-01-14 02:00:00,0.013,0.008,0.0012,1.2291,-32.849999999998545,-1.875,-2.4333333333330907,67.0,-0.0007685558869976,-4.386734514827163e-05,-5.6930065703529056e-05,0.0015675264666315,0.011432473533368499,0.0064324735333685,-0.0003675264666315001
12,2024-01-14 09:00:00,0.013,0.01,0.0004,1.2291,-17.350000000002183,-15.225000000000364,0.5833333333333334,96.5,-0.0004044043950716,-0.0003548735974043,1.3596689555722345e-05,0.0022492809293609,0.0107507190706391,0.0077507190706391,-0.0018492809293609
13,2024-01-15 01:00:00,0.003,0.008,0.0006,0.2298,-80.84999999999854,38.52499999999964,47.383333333333816,162.40000000000146,-0.0019158313784033,0.0009128930594061,0.0011228011974439,0.0038482500414682,-0.0008482500414682,0.0041517499585318005,-0.0032482500414682002
14,2024-01-15 17:00:00,0.003,0.003,0.0012,-0.36978,104.0,87.04999999999927,52.26666666666642,215.3000000000029,0.0024359965333895,0.0020389759445342,0.0012242444116521,0.0050429812849882,-0.0020429812849882,-0.0020429812849882,-0.0038429812849882002
15,2024-01-15 23:00:00,0.013,0.009,0.0014,1.2291,-97.5,22.975000000000364,-36.84999999999976,110.80000000000292,-0.0022898074213245,0.0005395725692813,-0.000865429779239,0.0026021606387976,0.0103978393612024,0.006397839361202399,-0.0012021606387976
16,2024-01-16 17:00:00,0.008,0.012,0.0009,0.72945,-89.40000000000146,-12.450000000000728,-8.416666666666666,209.2000000000044,-0.0020755413471517,-0.0002890435097543,-0.0001954042468888,0.0048568596177197,0.0031431403822803003,0.0071431403822803,-0.0039568596177197
17,2024-01-17 21:00:00,0.013,0.006,0.0008,1.2291,-36.10000000000218,3.0499999999992724,2.383333333332606,116.09999999999854,-0.0008458948325433,7.1467568954471e-05,5.584624240704192e-05,0.0027204540182347,0.010279545981765299,0.0032795459817653,-0.0019204540182347
18,2024-01-18 18:00:00,0.013,0.005,0.0001,1.2291,-178.54999999999927,-45.89999999999964,-102.71666666666717,587.5,-0.0043005443422129,-0.0011055445830723,-0.0024740273295117,0.0141504889445541,-0.0011504889445541015,-0.0091504889445541,-0.014050488944554101
19,2024-01-19 05:00:00,0.012,0.004,0.0008,1.12917,21.299999999999272,27.350000000000364,24.78333333333406,144.39999999999418,0.0005174122585409,0.0006643767732908,0.0006020281912757,0.0035077150297328,0.0084922849702672,0.0004922849702671999,-0.0027077150297328003
20,2024-01-20 01:00:00,0.013,0.009,0.0006,1.2291,27.0,-5.0,-10.016666666666424,131.09999999999854,0.000649217932842,-0.0001202255431188,-0.0002408518380481,0.0031523137405772,0.009847686259422799,0.005847686259422799,-0.0025523137405772003
21,2024-01-20 09:00:00,0.008,0.011,0.0014,0.72945,0.5500000000029104,-23.07499999999891,-30.633333333332605,111.29999999999563,1.3236649635580844e-05,-0.0005553376187989,-0.0007372412736384,0.0026786165535132,0.0053213834464868,0.008321383446486799,-0.0012786165535132001
22,2024-01-21 16:00:00,0.013,0.011,0.0005,1.2291,-0.4000000000014552,-47.85000000000037,-27.816666666666908,86.80000000000291,-9.609240245454956e-06,-0.0011495053643583,-0.0006682425820669,0.0020852051332562,0.0109147948667438,0.008914794866743798,-0.0015852051332562
23,2024-01-22 01:00:00,0.013,0.011,0.0001,1.2291,-25.799999999999272,-34.82500000000073,-6.666666666666667,287.3000000000029,-0.000621724200253,-0.0008392071811555,-0.0001606522481273,0.0069233086330502,0.006076691366949799,0.004076691366949799,-0.0068233086330502
24,2024-01-22 18:00:00,0.013,0.008,0.0012,1.2291,-67.5,-7.700000000000728,19.53333333333285,125.20000000000437,-0.0016603695613672,-0.0001894051203337,0.0004804822533141,0.0030796780604916,0.0099203219395084,0.0049203219395084,-0.0018796780604916003
25,2024-01-23 17:00:00,0.009,0.009,0.0013,0.82938,86.25,84.42500000000109,3.466666666667152,216.3000000000029,0.0021940535425379,0.0021476286414929,8.818611340057062e-05,0.005502304710156,0.003497695289843999,0.003497695289843999,-0.004202304710156
26,2024-01-24 17:00:00,0.004,0.003,0.001,-0.36978,46.25,26.125,-0.983333333333576,130.40000000000146,0.0011538413561689,0.0006517644417278,-2.453212252756311e-05,0.0032532089263662,0.0007467910736338001,-0.0002532089263661999,-0.0022532089263662
27,2024-01-26 17:00:00,0.013,0.009,0.0006,1.2291,39.79999999999927,64.5,93.51666666666642,161.1999999999971,0.0009503433652661,0.0015401293231071,0.0022329885353887,0.0038491294090678,0.0091508705909322,0.005150870590932199,-0.0032491294090678004
28,2024-01-27 01:00:00,0.013,0.011,0.0002,1.2291,24.25,-11.075000000000728,-7.650000000000243,84.0,0.0005802323800773,-0.000264992726159,-0.0001830423796945,0.0020098771103709,0.0109901228896291,0.0089901228896291,-0.0018098771103709
29,2024-01-27 17:00:00,0.013,0.006,0.0014,1.2291,-1.2999999999992724,-6.575000000000728,-8.583333333333334,59.5,-3.108226039759644e-05,-0.0001572045093187,-0.0002052226167278,0.0014226111489677,0.0115773888510323,0.0045773888510323,-2.261114896770001e-05
30,2024-01-28 17:00:00,0.006,0.008,0.0001,0.52959,-44.64999999999782,-26.89999999999964,0.9500000000007276,143.60000000000582,-0.0010578989392578,-0.0006373456095416,2.2508488069333902e-05,0.0034023356702673,0.0025976643297327003,0.004597664329732701,-0.0033023356702673
31,2024-01-30 09:00:00,0.012,0.011,0.0013,1.12917,5.400000000001455,16.0,8.783333333334062,48.19999999999709,0.0001244044711888,0.0003686058405595,0.0002023492478905,0.0011104250946855,0.0108895749053145,0.009889574905314499,0.00018957490531449988
32,2024-01-30 12:00:00,0.012,0.008,0.0013,1.12917,65.09999999999854,50.5,31.96666666666715,193.59999999999852,0.0014923320266831,0.0011576461958141,0.0007327938625648,0.0044380258120715,0.0075619741879285,0.0035619741879285,-0.0031380258120715003
33,2024-01-30 17:00:00,0.007,0.012,0.001,0.62952,50.900000000001455,38.70000000000073,-8.116666666666182,153.0,0.0011712484956705,0.0008905170291247,-0.000186770798098,0.0035206487197954,0.0034793512802046003,0.0084793512802046,-0.0025206487197954
34,2024-02-03 01:00:00,0.004,0.003,0.0011,-0.36978,-17.700000000000728,16.25,18.550000000000484,52.10000000000582,-0.0004092012484106,0.0003756791122413,0.0004288521558201,0.0012044850306324,0.0027955149693676,0.0017955149693676,-0.00010448503063239991
35,2024-02-04 05:00:00,0.006,0.004,0.0012,0.52959,9.099999999998545,-7.325000000000728,-15.5,61.5,0.0002119680417413,-0.0001706226270061,-0.0003610444667023,0.0014325312711094,0.0045674687288906005,0.0025674687288906,-0.00023253127110940013
36,2024-02-09 01:00:00,0.013,0.008,0.0002,1.2291,40.95000000000073,-0.1999999999989086,3.8499999999997576,72.69999999999709,0.0009036363917214,-4.413364550507837e-06,8.495726759773413e-05,0.0016042580141182,0.011395741985881799,0.0063957419858818,-0.0014042580141182
37,2024-02-10 23:00:00,0.006,0.012,0.0004,0.52959,56.75,3.6999999999989086,-17.75,136.40000000000146,0.0011872335262195,7.740553386803631e-05,-0.000371337358421,0.0028535445458387,0.0031464554541613,0.0091464554541613,-0.0024535445458387
38,2024-02-11 22:00:00,0.012,0.004,0.0008,1.12917,43.25,14.450000000000728,1.550000000000485,82.0,0.0008981526091073,0.0003000764208462,3.2188128187673086e-05,0.0017028558137989,0.0102971441862011,0.0022971441862010998,-0.0009028558137989001
39,2024-02-14 01:00:00,0.013,0.01,0.0005,1.2291,-23.75,-42.04999999999927,-32.88333333333261,129.39999999999418,-0.0004806544185801,-0.0008510112968966,-0.000665495556392,0.0026188076532325,0.0103811923467675,0.0073811923467675,-0.0021188076532325
40,2024-02-14 11:00:00,0.005,0.006,0.0001,0.42966,-89.55000000000291,-66.32500000000073,-33.883333333333816,315.40000000000146,-0.0017472932077025,-0.0012941286655597,-0.000661129181325,0.0061540622859785,-0.0011540622859784995,-0.0001540622859784995,-0.006054062285978499
41,2024-02-17 01:00:00,0.01,0.003,0.0009,-0.36978,-67.0,-36.79999999999927,-32.56666666666691,67.30000000000291,-0.0012886250947235,-0.0007077821415794,-0.0006263615510173,0.0012943950578343,0.0087056049421657,0.0017056049421657002,-0.0003943950578342999
42,2024-02-18 02:00:00,0.003,0.008,0.0001,0.2298,-65.15000000000146,-63.875,-16.333333333333332,214.09999999999852,-0.001265181203466,-0.0012404213257312,-0.0003171853618308,0.0041577175082435,-0.0011577175082435002,0.0038422824917565,-0.0040577175082435
43,2024-02-19 00:00:00,0.013,0.009,0.0011,1.2291,76.35000000000218,-9.375,18.75,184.0,0.0014605340179128,-0.0001793386564234,0.0003586773128469,0.0035198200300715,0.0094801799699285,0.0054801799699284994,-0.0024198200300714996
44,2024-02-19 09:00:00,0.012,0.009,0.0009,1.12917,-20.549999999999272,-33.42500000000109,-34.43333333333309,98.69999999999708,-0.0003935944655446,-0.0006401895382399,-0.0006595021620562,0.0018904026155357,0.0101095973844643,0.007109597384464299,-0.0009904026155357
45,2024-02-19 13:00:00,0.013,0.006,0.0004,1.2291,-9.149999999997815,14.525000000001455,2.233333333333576,135.89999999999418,-0.0001746273185831,0.0002772089401553,4.262306136639818e-05,0.0025936450923996,0.010406354907600399,0.0034063549076004,-0.0021936450923996
46,2024-02-19 19:00:00,0.013,0.011,0.0012,1.2291,-139.65000000000146,-74.125,-55.41666666666666,162.79999999999563,-0.0026939696747559,-0.0014299355685018,-0.0010690355852206,0.0031405532620856,0.009859446737914399,0.007859446737914399,-0.0019405532620856002
47,2024-02-21 01:00:00,0.013,0.007,0.0006,1.2291,26.5,-21.674999999999272,5.599999999999757,188.6999999999971,0.0005067561107137,-0.0004144882528196,0.0001070880837734,0.0036084859657241,0.0093915140342759,0.0033915140342759002,-0.0030084859657241
48,2024-02-22 09:00:00,0.013,0.01,0.0006,1.2291,-13.099999999998545,1.9250000000010916,-15.166666666666666,113.09999999999854,-0.0002528040016364,3.7148679629807934e-05,-0.0002926865667801,0.0021826055408461,0.0108173944591539,0.0078173944591539,-0.0015826055408461
49,2024-02-24 06:00:00,0.003,0.008,0.0011,0.2298,-5.650000000001455,13.899999999999636,4.400000000000243,102.80000000000292,-0.0001106931546569,0.0002723247521648,8.620351867090324e-05,0.0020140276634928,0.0009859723365072,0.0059859723365072,-0.0009140276634928
50,2024-02-25 09:00:00,0.013,0.012,0.0013,1.2291,-41.60000000000218,-41.75,-26.916666666666668,113.09999999999854,-0.0008059735036211,-0.0008088796580812,-0.0005214932725753,0.0021912404629697,0.0108087595370303,0.0098087595370303,-0.0008912404629697001
51,2024-02-26 18:00:00,0.005,0.003,0.0009,0.42966,64.54999999999927,34.64999999999964,39.28333333333285,212.0,0.0012048372676418,0.0006467484325916,0.0007332304259829,0.0039570178271119,0.0010429821728881001,-0.0009570178271118999,-0.0030570178271119002
52,2024-02-28 14:00:00,0.013,0.008,0.0012,1.2291,93.15000000000146,156.97500000000036,176.58333333333334,353.5,0.0015397763150499,0.0025948082346212,0.0029189354192081,0.0058433808628036,0.0071566191371963996,0.0021566191371964003,-0.0046433808628036
53,2024-02-29 17:00:00,0.003,0.01,0.0004,0.2298,39.10000000000218,-172.1999999999989,-170.21666666666593,498.3000000000029,0.0006305556630672,-0.0027770251964237,-0.0027450404888768,0.0080359561868638,-0.005035956186863801,0.0019640438131361994,-0.007635956186863801
54,2024-02-29 23:00:00,0.013,0.008,0.0006,1.2291,284.25,-18.200000000000728,22.383333333332605,218.5,0.0046367889441334,-0.0002968849913218,0.0003651250396934,0.0035642511320779,0.0094357488679221,0.0044357488679221,-0.0029642511320779
55,2024-03-02 17:00:00,0.01,0.007,0.001,0.92931,83.5,-0.75,-0.8000000000004851,109.20000000000437,0.0013486209341501,-1.211336168398339e-05,-1.2920919129590116e-05,0.001763705461188,0.008236294538812,0.005236294538812,-0.0007637054611880001
56,2024-03-03 20:00:00,0.003,0.008,0.0013,0.2298,-39.0,-41.29999999999927,-33.333333333333336,191.40000000000143,-0.000622247750335,-0.0006589444125342,-0.000531835684047,0.0030538004977982,-5.380049779819991e-05,0.0049461995022018,-0.0017538004977982
57,2024-03-04 09:00:00,0.012,0.011,0.0003,1.12917,-233.75000000000364,65.44999999999891,157.73333333333358,695.0,-0.0035883092500856,0.0010047265900239,0.0024213731723928,0.0106689836526608,0.0013310163473392,0.000331016347339199,-0.0103689836526608
58,2024-03-04 22:00:00,0.013,0.005,0.0012,1.2291,254.9499999999971,102.82499999999708,12.983333333332364,433.6999999999971,0.0037695872157838,0.0015203287133279,0.000191966296731,0.0064125121611511,0.0065874878388489,-0.0014125121611510997,-0.0052125121611511
59,2024-03-05 21:00:00,0.012,0.013,0.0002,1.12917,479.1500000000015,-8.100000000000364,110.45000000000071,1437.5,0.0075964639146164,-0.0001284177349648,0.0017510788675141,0.0227901844459171,-0.0107901844459171,-0.0097901844459171,-0.0225901844459171
60,2024-03-08 16:00:00,0.013,0.003,0.0009,1.2291,-916.0500000000028,-600.2000000000007,-322.94999999999953,1794.5,-0.0137790834100467,-0.0090281162193221,-0.0048577643002833,0.0269925933948244,-0.013992593394824402,-0.023992593394824402,-0.0260925933948244
61,2024-03-08 21:00:00,0.009,0.003,0.0004,-0.36978,-33.849999999998545,-18.724999999998545,62.36666666666861,288.1999999999971,-0.0004902805679433,-0.0002712113333748,0.0009033135820994,0.0041742646877774,0.0048257353122226,-0.0011742646877773997,-0.0037742646877773995
62,2024-03-10 02:00:00,0.01,0.013,0.0011,0.92931,156.84999999999854,11.549999999999272,134.21666666666715,228.1999999999971,0.0022701188103621,0.0001671652678334,0.0019425424269309,0.0033027804432556,0.0066972195567444,0.009697219556744399,-0.0022027804432556003
63,2024-03-11 09:00:00,0.012,0.003,0.0011,-0.36978,127.5,35.04999999999927,119.21666666666717,340.0,0.0017803358760718,0.0004894178231868,0.0016646722250381,0.0047475623361916,0.0072524376638084,-0.0017475623361916,-0.0036475623361915998
64,2024-03-12 18:00:00,0.009,0.012,0.0007,0.82938,271.04999999999563,216.3249999999971,32.166666666666664,652.7000000000116,0.0038305864662503,0.0030571909880524,0.0004545921342841,0.0092242161465474,-0.00022421614654740026,0.0027757838534526007,-0.0085242161465474
65,2024-03-13 01:00:00,0.013,0.013,0.0005,1.2291,-58.5,-12.700000000000728,-1.866666666668607,146.0,-0.0008187211435784,-0.0001777394619392,-2.612443535068006e-05,0.0020433040506403,0.0109566959493597,0.0109566959493597,-0.0015433040506402998
66,2024-03-13 04:00:00,0.013,0.008,0.0001,1.2291,29.25,18.875,33.71666666666715,210.0,0.0004053447301027,0.0002615686078868,0.0004672435264945,0.0029101672930455,0.010089832706954498,0.0050898327069545,-0.0028101672930455003
67,2024-03-13 20:00:00,0.007,0.013,0.0007,0.62952,286.59999999999854,68.84999999999854,55.64999999999903,365.1000000000058,0.0039012305346836,0.0009371937275399,0.0007575138843515,0.004969781117282,0.0020302188827180006,0.008030218882718,-0.0042697811172819995
68,2024-03-15 05:00:00,0.013,0.011,0.0005,1.2291,516.9000000000015,-114.84999999999854,-40.30000000000049,876.0,0.0075934527954307,-0.0016871891150226,-0.0005920219532905,0.0128687650392673,0.00013123496073269916,-0.0018687650392673009,-0.0123687650392673
69,2024-03-15 21:00:00,0.013,0.005,0.0006,1.2291,252.4499999999971,68.09999999999854,-237.2833333333353,439.8000000000029,0.0037013741048964,0.0009984693069655,-0.0034790033096594,0.0064482643348523,0.0065517356651476994,-0.0014482643348522999,-0.0058482643348523
70,2024-03-16 20:00:00,0.013,0.013,0.0002,1.2291,-185.14999999999415,-123.5,15.183333333334303,440.09999999999127,-0.0027603182081113,-0.0018412060421375,0.0002263614985677,0.0065612532724268,0.006438746727573199,0.006438746727573199,-0.006361253272426801
71,2024-03-17 03:00:00,0.013,0.008,0.0003,1.2291,11.099999999998545,51.70000000000073,46.5666666666657,173.6999999999971,0.0001672140037961,0.000778825585249,0.0007014953852951,0.0026166731945406,0.010383326805459399,0.0053833268054594,-0.0023166731945406
72,2024-03-17 10:00:00,0.007,0.003,0.0004,-0.36978,157.89999999999418,-2.150000000001455,56.43333333333188,418.6000000000058,0.0023673198910342,-3.2233931385226296e-05,0.0008460782300023,0.0062758714780682,0.0007241285219318,-0.0032758714780682,-0.0058758714780682
73,2024-03-17 19:00:00,0.011,0.01,0.0007,1.02924,-20.049999999995634,-38.89999999999782,-1.8166666666656963,155.89999999999418,-0.0002936511307398,-0.0005697271314604,-2.6606794057053213e-05,0.0022833023083467,0.0087166976916533,0.0077166976916533,-0.0015833023083466997
74,2024-03-21 09:00:00,0.013,0.008,0.0001,1.2291,-104.69999999999708,-75.45000000000073,4.5,350.1000000000058,-0.0015588754656525,-0.0011233730074832,6.70003781799124e-05,0.0052126294223972,0.007787370577602799,0.0027873705776027997,-0.0051126294223972
75,2024-03-21 19:00:00,0.011,0.007,0.0013,1.02924,143.65000000000146,-7.774999999999636,-132.46666666666715,268.59999999999854,0.002201178354441,-0.0001191379165038,-0.0020298138486016,0.004115812781085,0.006884187218915,0.0028841872189150006,-0.0028158127810849996
76,2024-03-22 02:00:00,0.013,0.007,0.0013,1.2291,-199.59999999999852,-155.39999999999782,-65.88333333333382,229.6999999999971,-0.0030569049909027,-0.0023799751281878,-0.0010090134793786,0.0035178911643805,0.0094821088356195,0.0034821088356195,-0.0022178911643805
77,2024-03-22 17:00:00,0.004,0.003,0.0012,-0.36978,124.84999999999854,-60.70000000000073,-83.55000000000048,534.5,0.0019677314113606,-0.0009566783874216,-0.0013168118495729,0.0084241284691412,-0.004424128469141199,-0.005424128469141199,-0.0072241284691412
78,2024-03-24 09:00:00,0.01,0.01,0.0005,0.92931,-0.9500000000007276,15.475000000000364,92.0666666666669,339.0,-1.4617880899672524e-05,0.0002381175862339,0.0014166521770127,0.0052162753947212,0.0047837246052788,0.0047837246052788,-0.004716275394721201
79,2024-03-24 17:00:00,0.011,0.01,0.0011,1.02924,-384.9500000000007,-185.50000000000185,-114.79999999999929,744.3000000000029,-0.0059299619046738,-0.0028575345715469,-0.0017684364895611,0.0114655686339752,-0.0004655686339752,-0.0014655686339751992,-0.010365568633975199
80,2024-03-24 19:00:00,0.003,0.003,0.0004,0.2298,28.94999999999709,70.95000000000073,74.71666666666715,371.6000000000058,0.0004392619791824,0.0010765332443176,0.0011336853498417,0.0056383333839105,-0.0026383333839105003,-0.0026383333839105003,-0.0052383333839105
81,2024-03-25 08:00:00,0.013,0.006,0.0006,1.2291,26.44999999999709,-14.92500000000291,6.366666666666181,381.40000000000873,0.0003941061389666,-0.0002223831426873,9.486360748915176e-05,0.0056828764235129,0.007317123576487099,0.00031712357648710013,-0.0050828764235129
82,2024-03-25 10:00:00,0.013,0.011,0.0007,1.2291,183.9499999999971,128.54999999999927,38.833333333333336,335.6000000000058,0.0027313357486487,0.0019087426501158,0.0005766070756864,0.0049830729940013,0.008016927005998698,0.006016927005998699,-0.0042830729940013
83,2024-03-25 18:00:00,0.013,0.013,0.0001,1.2291,53.200000000004366,-2.0749999999970896,76.90000000000146,175.39999999999418,0.0007536307436012,-2.939443219869063e-05,0.0010893647402807,0.0024847148952565,0.0105152851047435,0.0105152851047435,-0.0023847148952565
84,2024-03-27 01:00:00,0.013,0.013,0.0013,1.2291,105.39999999999418,189.1999999999971,107.3166666666657,337.9000000000088,0.0014901865419471,0.0026749838115408,0.0015172851270711,0.004777362737419,0.008222637262581,0.008222637262581,-0.0034773627374190003
85,2024-03-27 05:00:00,0.012,0.01,0.0008,1.12917,3.2999999999956344,18.450000000000728,-2.466666666667152,218.3000000000029,4.687053930940713e-05,0.0002620489243211,-3.503454453435755e-05,0.00310055719129,0.00889944280871,0.00689944280871,-0.0023005571912900003
86,2024-03-27 11:00:00,0.006,0.003,0.0013,-0.36978,74.05000000000291,36.32500000000073,53.03333333333285,244.09999999999127,0.0010541225372964,0.0005170965721444,0.0007549443875033,0.0034748320236873,0.0025251679763127,-0.00047483202368730007,-0.0021748320236873
87,2024-03-28 00:00:00,0.013,0.01,0.0012,1.2291,183.0500000000029,53.275000000001455,25.683333333334303,190.3000000000029,0.0026301950123284,0.0007654937955847,0.0003690367398705,0.0027343682646604,0.010265631735339599,0.0072656317353396,-0.0015343682646604
88,2024-03-28 13:00:00,0.012,0.01,0.0008,1.12917,93.80000000000292,59.80000000000291,29.800000000000484,256.5,0.0013247539742619,0.0008445659665337,0.000420870665597,0.0036225948230083,0.0083774051769917,0.0063774051769917,-0.0028225948230083003
89,2024-03-28 21:00:00,0.007,0.011,0.0013,0.62952,24.89999999999418,34.974999999998545,-8.60000000000097,188.8000000000029,0.0003513976169878,0.000493579584504,-0.0001213662452247,0.0026644124533057,0.0043355875466943,0.0083355875466943,-0.0013644124533057
90,2024-03-30 01:00:00,0.013,0.009,0.0002,1.2291,48.84999999999855,35.45000000000073,14.483333333332364,201.60000000000585,0.000697637885236,0.0005062694581702,0.0002068397551245,0.002879095141527,0.010120904858473,0.006120904858472999,-0.002679095141527
91,2024-03-31 21:00:00,0.013,0.011,0.0004,1.2291,99.55000000000292,-27.174999999999272,-33.133333333333816,186.09999999999127,0.0014011792144107,-0.0003824916640041,-0.0004663559816253,0.0026193817358293,0.0103806182641707,0.008380618264170699,-0.0022193817358292997
92,2024-04-03 17:00:00,0.013,0.005,0.0002,1.2291,-35.549999999995634,41.75,68.53333333333528,296.8999999999942,-0.0005362549043564,0.0006297789664384,0.0010337928582814,0.0044785958116303,0.0085214041883697,0.0005214041883697005,-0.0042785958116303
93,2024-04-05 20:00:00,0.013,0.007,0.0004,1.2291,-37.150000000001455,-48.60000000000218,-16.733333333334787,213.89999999999415,-0.0005503565095397,-0.0007199818671233,-0.0002478949912866,0.0031688090818452,0.009831190918154799,0.0038311909181548,-0.0027688090818452
94,2024-04-06 09:00:00,0.008,0.007,0.001,0.72945,85.34999999999854,23.424999999999272,17.949999999999516,156.3000000000029,0.0012535543074681,0.0003440481505851,0.0002636356159232,0.00229561263336,0.00570438736664,0.0047043873666400005,-0.00129561263336
95,2024-04-07 02:00:00,0.008,0.013,0.0007,0.72945,32.0,69.82499999999709,65.98333333333237,323.0,0.0004605383405364,0.0010049090508736,0.0009496204636373,0.0046485588747896,0.0033514411252104003,0.008351441125210399,-0.0039485588747896
96,2024-04-07 09:00:00,0.003,0.004,0.0001,0.2298,-15.599999999998545,14.524999999997815,22.46666666666715,88.80000000000291,-0.0002244000535107,0.0002089365882848,0.000323174436039,0.0012773541507537,0.0017226458492463,0.0027226458492463,-0.0011773541507537
97,2024-04-08 10:00:00,0.013,0.013,0.0003,1.2291,-152.90000000000146,-0.125,130.58333333333334,421.5,-0.0021220137063488,-1.734805188316573e-06,0.0018122931533947,0.0058497630950034,0.007150236904996599,0.007150236904996599,-0.0055497630950034
98,2024-04-10 21:00:00,0.013,0.011,0.0007,1.2291,-23.049999999995634,-5.599999999998545,20.58333333333333,364.1999999999971,-0.0003297728358746,-8.011834624285795e-05,0.0002944826119343,0.0052105538752957,0.007789446124704299,0.005789446124704299,-0.0045105538752957
99,2024-04-11 22:00:00,0.013,0.008,0.0012,1.2291,22.099999999998545,-69.04999999999927,-54.41666666666666,175.8000000000029,0.0003146198580651,-0.0009830091040452,-0.000774686151269,0.0025027226718486,0.0104972773281514,0.0054972773281514,-0.0013027226718486
100,2024-04-12 10:00:00,0.013,0.013,0.0006,1.2291,55.75,-4.900000000001455,-6.866666666666181,130.89999999999418,0.0007876607816985,-6.92293781224068e-05,-9.701531900143236e-05,0.0018494133869836,0.011150586613016399,0.011150586613016399,-0.0012494133869836001
101,2024-04-12 22:00:00,0.005,0.01,0.001,0.42966,159.60000000000582,64.5,-27.316666666665697,337.8000000000029,0.0023770126788903,0.0009606348232357,-0.0004068425000732,0.0050310456323881,-3.104563238809973e-05,0.0049689543676119,-0.0040310456323881
102,2024-04-13 01:00:00,0.011,0.004,0.0002,1.02924,-144.1999999999971,-110.44999999999708,-100.46666666666472,550.6999999999971,-0.002167244548448,-0.0016600011121781,-0.0015099572512765,0.0082767099364104,0.0027232900635895986,-0.004276709936410401,-0.0080767099364104
103,2024-04-13 21:00:00,0.013,0.013,0.0007,1.2291,-209.0,-120.22500000000036,-788.6333333333338,838.1999999999971,-0.003366504408671,-0.0019365454188157,-0.0127030506865628,0.0135014545231966,-0.0005014545231966008,-0.0005014545231966008,-0.012801454523196601
104,2024-04-14 01:00:00,0.012,0.005,0.0014,1.12917,-292.0,-92.97500000000036,-139.01666666666765,557.5999999999985,-0.004597578084038,-0.0014639035012446,-0.0021888355478859,0.0087794847248616,0.0032205152751384,-0.0037794847248616,-0.0073794847248616
105,2024-04-14 06:00:00,0.013,0.01,0.0004,1.2291,-92.95000000000071,-42.125,45.133333333333816,335.1999999999971,-0.001447742642913,-0.0006561179002981,0.0007029741934747,0.0052209073039745,0.007779092696025499,0.0047790926960255,-0.0048209073039745
106,2024-04-15 21:00:00,0.012,0.013,0.0001,1.12917,-13.299999999999272,-33.80000000000109,-2.1666666666666665,374.6999999999971,-0.0002101932671777,-0.0005341753707224,-3.42420109437467e-05,0.0059217606925946,0.006078239307405401,0.0070782393074054,-0.005821760692594599
107,2024-04-17 13:00:00,0.011,0.007,0.0004,1.02924,-19.55000000000291,-108.97500000000036,-133.76666666666765,318.1999999999971,-0.0003143329388763,-0.0017521448600535,-0.0021507554709473,0.0051161504424778,0.0058838495575221994,0.0018838495575222002,-0.0047161504424778
108,2024-04-17 17:00:00,0.004,0.003,0.0003,-0.36978,125.89999999999782,-150.27499999999964,-13.599999999999758,480.59999999999854,0.0020866965223934,-0.0024906935655494,-0.0002254096322839,0.0079655786232112,-0.0039655786232112005,-0.0049655786232112005,-0.007665578623211201
109,2024-04-18 16:00:00,0.007,0.009,0.0012,0.62952,-153.29999999999927,-121.27499999999964,-50.79999999999927,321.5,-0.0024194579341017,-0.00191402322869,-0.0008017512266951,0.0050740751846947,0.0019259248153053006,0.0039259248153053,-0.0038740751846947
110,2024-04-19 16:00:00,0.013,0.005,0.0004,1.2291,-203.09999999999852,-107.04999999999929,-59.833333333333336,483.9000000000015,-0.0031680023958895,-0.0016697915139338,-0.0009332946496999,0.0075479879831164,0.0054520120168835996,-0.0025479879831163997,-0.0071479879831164
111,2024-04-20 03:00:00,0.013,0.01,0.0008,1.2291,-35.5,58.82500000000073,49.65000000000024,236.0,-0.0005555555555555,0.0009205790297339,0.0007769953051643,0.0036932707355242,0.009306729264475799,0.0063067292644758,-0.0028932707355242
112,2024-04-20 21:00:00,0.003,0.008,0.0007,0.2298,9.650000000001455,-30.0,-19.43333333333309,131.70000000000437,0.0001490110453472,-0.0004632467731001,-0.0003000809652415,0.0020336533339098,0.0009663466660902002,0.0059663466660902,-0.0013336533339097997
113,2024-04-21 21:00:00,0.008,0.003,0.0006,-0.36978,230.54999999999927,101.52499999999964,35.43333333333309,620.5999999999985,0.0035497847495519,0.0015631832431067,0.0005455680168833,0.0095553954264668,-0.0015553954264668005,-0.0065553954264668006,-0.0089553954264668
114,2024-04-22 16:00:00,0.013,0.012,0.0003,1.2291,112.25,107.04999999999929,-10.550000000000486,297.8000000000029,0.0016968035093977,0.0016181988033945,-0.0001594768554489,0.0045016310476496,0.008498368952350399,0.0074983689523504,-0.0042016310476496
115,2024-04-24 22:00:00,0.011,0.011,0.0002,1.02924,-6.0,47.85000000000037,21.33333333333333,106.69999999999708,-9.33009889904833e-05,0.0007440753871991,0.0003317368497439,0.0016592025875473,0.0093407974124527,0.0093407974124527,-0.0014592025875472998
116,2024-04-25 09:00:00,0.007,0.012,0.001,0.62952,161.1999999999971,14.599999999998545,37.71666666666594,308.3000000000029,0.0025139499268583,0.0002276902539213,0.0005881998226303,0.0048080072112311,0.0021919927887689003,0.0071919927887689,-0.0038080072112311
117,2024-04-25 22:00:00,0.004,0.003,0.0003,-0.36978,-66.15000000000146,-62.52499999999964,-31.566666666666908,149.60000000000582,-0.0010233601485148,-0.0009672803217821,-0.0004883457095709,0.0023143564356436,0.0016856435643564003,0.0006856435643564003,-0.0020143564356436
118,2024-04-26 21:00:00,0.013,0.006,0.0006,1.2291,-15.80000000000291,-17.725000000000364,11.783333333332848,164.59999999999854,-0.0002473883307864,-0.0002775289976701,0.0001844974154704,0.0025772227371796,0.010422777262820399,0.0034227772628204,-0.0019772227371796
119,2024-04-27 05:00:00,0.013,0.008,0.0001,1.2291,-53.59999999999855,-3.9499999999989086,-26.78333333333285,318.8000000000029,-0.0008519525767591,-6.278381862309378e-05,-0.0004257113777524,0.005067210475202,0.007932789524798,0.002932789524798,-0.004967210475202
120,2024-04-27 13:00:00,0.005,0.007,0.0006,0.42966,-0.2999999999992724,-19.049999999999272,24.46666666666715,81.30000000000291,-4.759955446805473e-06,-0.0003022571708728,0.0003882008108848,0.0012899479260874,0.0037100520739126,0.0057100520739126,-0.0006899479260874
121,2024-04-28 09:00:00,0.012,0.009,0.001,1.12917,58.20000000000073,-28.44999999999891,-16.816666666665697,138.8000000000029,0.0009126791838578,-0.0004461464395318,-0.000263715147913,0.0021766300810904,0.0098233699189096,0.006823369918909599,-0.0011766300810904001
122,2024-04-29 05:00:00,0.012,0.013,0.0006,1.12917,-54.25,12.075000000000728,-24.59999999999976,106.5,-0.0008681069507763,0.0001932238051728,-0.0003936484974948,0.0017042099586669,0.010295790041333101,0.0112957900413331,-0.0011042099586668999
123,2024-04-29 10:00:00,0.013,0.013,0.0007,1.2291,147.60000000000218,64.60000000000036,47.30000000000049,155.90000000000146,0.0023574546517404,0.001031785708011,0.0007554715787758,0.0024900215461133,0.010509978453886699,0.010509978453886699,-0.0017900215461132997
124,2024-04-30 04:00:00,0.013,0.007,0.0006,1.2291,14.549999999999272,16.42500000000109,-25.68333333333309,91.30000000000292,0.0002286588959311,0.0002581252484995,-0.0004036235494041,0.0014348149277328,0.0115651850722672,0.0055651850722672,-0.0008348149277328001
125,2024-04-30 18:00:00,0.013,0.013,0.0006,1.2291,130.5500000000029,48.72500000000037,14.866666666667394,229.5,0.0021601256198675,0.0008062207646728,0.0002459890275656,0.0037973866699318,0.0092026133300682,0.0092026133300682,-0.0031973866699318
126,2024-05-04 12:00:00,0.013,0.007,0.0008,1.2291,-127.14999999999782,-75.02499999999964,8.966666666667152,272.5,-0.0019912051841805,-0.0011749128505163,0.0001404205517222,0.0042674275476933,0.0087325724523067,0.0027325724523067,-0.0034674275476933004
127,2024-05-05 12:00:00,0.003,0.011,0.0001,0.2298,-78.25,9.674999999999272,13.800000000000486,152.79999999999563,-0.0012281059702429,0.0001518456902504,0.0002165861008224,0.0023981417540334,0.0006018582459666002,0.0086018582459666,-0.0022981417540334
128,2024-05-05 19:00:00,0.012,0.007,0.0008,1.12917,0.3500000000021828,-24.27499999999964,-54.43333333333309,137.09999999999854,5.475388909086373e-06,-0.0003797573307635,-0.0008515533417602,0.0021447880555172,0.0098552119444828,0.0048552119444828,-0.0013447880555172002
129,2024-05-06 05:00:00,0.013,0.006,0.001,1.2291,14.450000000000728,51.70000000000073,34.36666666666739,147.6999999999971,0.0002257325764132,0.0008076383529801,0.0005368634054948,0.0023073149852062,0.010692685014793799,0.0036926850147938,-0.0013073149852062
130,2024-05-07 06:00:00,0.013,0.008,0.0008,1.2291,-41.70000000000073,33.475000000000364,17.266666666666424,332.8999999999942,-0.0006567973803707,0.000527249216017,0.000271959267012,0.0052433536672761,0.0077566463327238995,0.0027566463327239003,-0.0044433536672760995
131,2024-05-08 21:00:00,0.013,0.008,0.0004,1.2291,-75.54999999999927,-132.17499999999927,-137.6333333333338,189.0,-0.0012288149377053,-0.0021498162063693,-0.0022385955781095,0.0030740704596467,0.0099259295403533,0.0049259295403533,-0.0026740704596467
132,2024-05-09 16:00:00,0.007,0.01,0.0012,0.62952,168.64999999999782,143.42499999999927,174.63333333333262,417.2999999999956,0.002702027201315,0.0022978846803949,0.002797889219822,0.0066857749843389,0.00031422501566110046,0.0033142250156611005,-0.0054857749843389
133,2024-05-10 13:00:00,0.005,0.003,0.0002,-0.36978,-86.40000000000146,-72.625,-11.31666666666691,184.0,-0.00137231077121,-0.0011535193259158,-0.0001797451801025,0.0029225136794288,0.0020774863205712,7.74863205712001e-05,-0.0027225136794288
134,2024-05-11 00:00:00,0.005,0.007,0.0006,0.42966,-53.45000000000073,-22.350000000000364,16.433333333333092,91.0,-0.0008786118426027,-0.0003673896105177,0.0002701313616483,0.0014958592643002,0.0035041407356998,0.0055041407356998,-0.0008958592643002
135,2024-05-12 02:00:00,0.013,0.005,0.0006,1.2291,-22.90000000000145,-37.79999999999927,-24.58333333333333,83.90000000000146,-0.0003763816411225,-0.0006212762460451,-0.0004040487049896,0.0013789702921477,0.011621029707852299,0.0036210297078522998,-0.0007789702921477002
136,2024-05-12 21:00:00,0.009,0.012,0.0014,0.82938,-59.34999999999855,-25.974999999998545,-23.93333333333309,102.79999999999563,-0.0009693230091313,-0.000424231931966,-0.0003908867849235,0.0016789621792536,0.0073210378207463995,0.0103210378207464,-0.00027896217925360003
137,2024-05-13 11:00:00,0.013,0.012,0.0011,1.2291,-33.599999999998545,-52.42499999999927,-73.4333333333331,266.3000000000029,-0.0005372870840022,-0.0008383117672267,-0.0011742494504533,0.0042583199544585,0.0087416800455415,0.0077416800455415,-0.0031583199544585
138,2024-05-15 19:00:00,0.013,0.011,0.0007,1.2291,87.74999999999636,97.72499999999854,82.49999999999879,492.2999999999956,0.0013384604120779,0.0014906101854167,0.0012583815840049,0.007509106106735,0.0054908938932649995,0.0034908938932649994,-0.006809106106735
139,2024-05-17 01:00:00,0.013,0.008,0.0003,1.2291,-19.950000000000728,-17.625,-6.816666666666909,242.09999999999852,-0.0003057930539759,-0.0002701555176103,-0.000104485680097,0.003710902173813,0.009289097826187,0.004289097826187,-0.003410902173813
140,2024-05-17 17:00:00,0.013,0.011,0.0013,1.2291,-121.5,-71.72500000000218,-61.91666666666666,249.39999999999415,-0.0018191237064009,-0.0010738818752395,-0.0009270294333716,0.0037340695668837,0.009265930433116298,0.007265930433116299,-0.0024340695668837
141,2024-05-17 21:00:00,0.013,0.008,0.0004,1.2291,44.0,-5.32499999999709,-24.266666666665213,113.0,0.000658484497928,-7.96915898060178e-05,-0.0003631641776451,0.0016911079151333,0.0113088920848667,0.0063088920848667004,-0.0012911079151333
142,2024-05-18 13:00:00,0.009,0.013,0.0012,0.82938,-69.95000000000437,-40.22500000000218,-46.78333333333285,168.0,-0.0010455247951549,-0.0006012328075068,-0.0006992585418155,0.0025110531177414,0.006488946882258599,0.010488946882258599,-0.0013110531177414001
143,2024-05-18 18:00:00,0.008,0.013,0.0011,0.72945,-16.44999999999709,-37.34999999999855,-14.26666666666521,129.0,-0.0002464205357436,-0.0005595019458983,-0.0002137142640289,0.0019324163593275,0.0060675836406725,0.0110675836406725,-0.0008324163593274999
144,2024-05-19 11:00:00,0.013,0.01,0.0005,1.2291,-219.84999999999852,3.600000000002183,12.70000000000194,348.4000000000088,-0.0032762040441039,5.364718925986524e-05,0.0001892553621111,0.0051918557605906,0.0078081442394094,0.004808144239409401,-0.004691855760590599
145,2024-05-20 02:00:00,0.012,0.007,0.0004,1.12917,99.60000000000582,63.650000000001455,39.11666666666861,206.10000000000585,0.0014962795819431,0.0009562067810309,0.0005876452775804,0.0030962170867317,0.0089037829132683,0.0039037829132683,-0.0026962170867317
146,2024-05-20 13:00:00,0.004,0.007,0.0013,0.32973,100.44999999999708,-9.924999999999272,-8.016666666667637,207.89999999999415,0.0014991306683779,-0.0001481221690756,-0.0001196419199419,0.0031027303728797,0.0008972696271203002,0.0038972696271203,-0.0018027303728797
147,2024-05-20 17:00:00,0.005,0.003,0.0004,-0.36978,71.75,218.60000000000215,170.35000000000096,451.6999999999971,0.0010495581616129,0.0031976782456946,0.002491877809488,0.006607462321959,-0.0016074623219589999,-0.003607462321959,-0.006207462321959
148,2024-05-20 22:00:00,0.003,0.011,0.0012,0.2298,264.34999999999854,162.27500000000146,45.883333333333816,229.5,0.0037941363477831,0.0023290844555949,0.0006585497361734,0.0032939447392329,-0.00029394473923290013,0.007706055260767099,-0.0020939447392329
149,2024-05-21 18:00:00,0.012,0.013,0.0004,1.12917,-57.34999999999855,20.40000000000145,-20.78333333333285,264.8000000000029,-0.0008223283291033,0.0002925108616165,-0.0002980073892449,0.0037969056939247,0.0082030943060753,0.009203094306075299,-0.0033969056939247
150,2024-05-21 22:00:00,0.009,0.004,0.0001,0.82938,158.34999999999854,40.52499999999782,20.099999999998545,139.09999999999127,0.0022666372750539,0.0005800787847903,0.0002877133516171,0.0019910909059677,0.007008909094032299,0.0020089090940323,-0.0018910909059677002
151,2024-05-23 01:00:00,0.013,0.011,0.0005,1.2291,-84.5,13.649999999997815,39.883333333333816,275.6000000000058,-0.0012172687945581,0.0001966357283516,0.0005745412673328,0.003970168991482,0.009029831008517999,0.007029831008517999,-0.0034701689914820003
152,2024-05-23 04:00:00,0.013,0.01,0.0006,1.2291,74.35000000000582,5.650000000001455,4.0,102.89999999999418,0.001069459487839,8.127029060244235e-05,5.7536488922068256e-05,0.0014801261775201,0.0115198738224799,0.008519873822479901,-0.0008801261775201
153,2024-05-25 09:00:00,0.013,0.013,0.0003,1.2291,20.80000000000291,24.0,32.916666666666664,92.69999999999708,0.0003016853769617,0.0003480985118788,0.0004774267784449,0.001344530502132,0.011655469497867998,0.011655469497867998,-0.0010445305021320002
154,2024-05-25 20:00:00,0.013,0.01,0.0005,1.2291,21.75,10.224999999998545,10.716666666667152,82.39999999999418,0.0003142722970776,0.000147744102879,0.0001548483425447,0.0011906224036411,0.0118093775963589,0.0088093775963589,-0.0006906224036411
155,2024-05-27 00:00:00,0.011,0.007,0.0001,1.02924,61.59999999999855,24.674999999999272,-10.449999999999514,163.29999999998836,0.0008977759640889,0.0003596204856151,-0.0001523012796222,0.0023799807619434,0.008620019238056598,0.0046200192380566,-0.0022799807619434003
156,2024-05-27 09:00:00,0.005,0.003,0.0002,0.42966,-62.900000000001455,-48.07500000000073,-22.300000000000484,215.40000000000876,-0.0009170767268088,-0.0007009294696555,-0.0003251321304902,0.0031405139420449,0.0018594860579551,-0.00014051394204490008,-0.0029405139420449
157,2024-05-27 14:00:00,0.006,0.003,0.0011,-0.36978,37.09999999999855,26.075000000000728,57.61666666666618,179.0,0.0005376476538418,0.0003778750019926,0.0008349721200949,0.0025940412409081,0.0034059587590919,0.0004059587590919001,-0.0014940412409080999
158,2024-05-29 15:00:00,0.013,0.009,0.0009,1.2291,-74.04999999999563,-82.5,-43.41666666666666,187.3000000000029,-0.001095331565222,-0.0012203221354601,-0.0006422099318936,0.0027705010420811,0.010229498957918899,0.006229498957918899,-0.0018705010420811002
159,2024-05-30 13:00:00,0.013,0.013,0.0002,1.2291,-14.69999999999709,58.5,36.75,173.89999999999418,-0.0002154351203212,0.0008573438461763,0.0005385878008031,0.0025485828179499,0.0104514171820501,0.0104514171820501,-0.0023485828179498998
160,2024-05-31 17:00:00,0.003,0.003,0.0004,-0.36978,157.5,112.22500000000218,-25.11666666666618,264.7999999999884,0.0023398050608126,0.0016672039552362,-0.0003731308176343,0.0039338436831946,-0.0009338436831946,-0.0009338436831946,-0.0035338436831946
161,2024-06-01 01:00:00,0.003,0.013,0.0008,0.2298,2.75,9.125,19.116666666668607,117.10000000000582,4.065034641486117e-05,0.0001348852403765,0.0002825814990172,0.0017309656600656,0.0012690343399344001,0.011269034339934399,-0.0009309656600655999
162,2024-06-02 00:00:00,0.012,0.007,0.0006,1.12917,14.099999999998545,-5.599999999998545,-2.833333333333333,34.79999999998836,0.0002079937454362,-8.26074449959588e-05,-4.179543348010906e-05,0.0005133462653319,0.0114866537346681,0.0064866537346681,8.665373466809991e-05
163,2024-06-02 17:00:00,0.008,0.006,0.0001,0.72945,1.5500000000029104,-13.099999999998545,-10.43333333333188,103.39999999999418,2.2768469635717857e-05,-0.0001924302917595,-0.000153258731096,0.0015188772647281,0.0064811227352719,0.0044811227352719,-0.0014188772647281
164,2024-06-04 02:00:00,0.012,0.009,0.0011,1.12917,92.69999999999708,49.39999999999782,43.89999999999903,124.10000000000582,0.0013376198735393,0.0007128200836336,0.0006334575237149,0.0017907079428936,0.010209292057106401,0.007209292057106399,-0.0006907079428935998
165,2024-06-06 00:00:00,0.009,0.01,0.0011,0.82938,52.09999999999855,-26.049999999999272,-12.583333333333334,110.70000000001164,0.0007316388147731,-0.0003658194073865,-0.0001767073912839,0.0015545569442495,0.007445443055750499,0.0084454430557505,-0.00045455694424949983
166,2024-06-07 18:00:00,0.013,0.009,0.0005,1.2291,-881.0,-540.2750000000015,-423.850000000001,1519.800000000003,-0.012853245407992,-0.0078822782778693,-0.0061837094962286,0.0221729425324249,-0.009172942532424901,-0.013172942532424901,-0.0216729425324249
167,2024-06-08 00:00:00,0.012,0.012,0.0006,1.12917,-4.69999999999709,-11.799999999999272,-2.89999999999903,63.0,-6.774823602328074e-05,-0.0001700913159734,-4.18021030782064e-05,0.0009081146530785,0.0110918853469215,0.0110918853469215,-0.0003081146530785001
168,2024-06-10 07:00:00,0.012,0.011,0.0001,1.12917,-41.10000000000582,-38.400000000001455,-27.916666666666668,113.0,-0.0005918787325443,-0.0005529961880705,-0.0004020263086016,0.0016273064909367,0.0103726935090633,0.0093726935090633,-0.0015273064909367
169,2024-06-10 09:00:00,0.013,0.012,0.0001,1.2291,-33.599999999998545,-0.9000000000014552,7.0166666666676365,104.59999999999128,-0.0004838326457437,-1.2959803011015188e-05,0.0001010384642153,0.0015062171054998,0.011493782894500199,0.0104937828945002,-0.0014062171054998
170,2024-06-11 13:00:00,0.005,0.007,0.0014,0.42966,63.85000000000582,5.850000000002183,31.866666666668607,372.0,0.0009499212242305,8.70327198394757e-05,0.0004740927644815,0.0055343883385081,-0.0005343883385081002,0.0014656116614918998,-0.0041343883385081
171,2024-06-11 16:00:00,0.006,0.003,0.0013,-0.36978,268.8000000000029,-102.82500000000071,-71.19999999999952,522.1000000000058,0.004032959844443,-0.001542742172637,-0.0010682542445101,0.0078333643407131,-0.0018333643407131006,-0.004833364340713101,-0.006533364340713101
172,2024-06-13 17:00:00,0.012,0.013,0.0003,1.12917,126.40000000000146,60.47499999999855,57.44999999999951,242.3000000000029,0.0018879761015683,0.0009032860343539,0.0008581030619865,0.0036191187453323,0.0083808812546677,0.009380881254667699,-0.0033191187453323
173,2024-06-14 17:00:00,0.004,0.006,0.0011,0.32973,60.70000000000073,-107.92499999999929,-204.58333333333331,377.59999999999854,0.0009279926616725,-0.0016499770677266,-0.0031277072822708,0.0057728176119859,-0.0017728176119858998,0.00022718238801410027,-0.0046728176119859
174,2024-06-16 12:00:00,0.007,0.009,0.0002,0.62952,-28.55000000000291,-45.09999999999855,-18.86666666666618,64.39999999999418,-0.0004294944601984,-0.0006784658548143,-0.0002838223753325,0.0009688071186261,0.0060311928813739,0.008031192881373899,-0.0007688071186261
175,2024-06-16 18:00:00,0.013,0.011,0.0004,1.2291,20.44999999999709,-4.025000000001455,3.849999999998545,50.0,0.0003071575981326,-6.045522408237915e-05,5.782673607875468e-05,0.0007509965724516,0.012249003427548399,0.010249003427548399,-0.00035099657245159997
176,2024-06-17 05:00:00,0.013,0.005,0.001,1.2291,71.0,63.650000000001455,29.666666666666668,117.60000000000582,0.0010679694891646,0.0009574120843004,0.0004462407724678,0.0017689184778276,0.0112310815221724,0.0032310815221724,-0.0007689184778275999
177,2024-06-17 13:00:00,0.013,0.009,0.0011,1.2291,28.19999999999709,1.2249999999985448,-25.71666666666715,294.7000000000044,0.000429246611311,1.864635102324393e-05,-0.0003914465255632,0.0044857793033115,0.0085142206966885,0.0045142206966885,-0.0033857793033114994
178,2024-06-18 17:00:00,0.011,0.013,0.0008,1.02924,123.65000000000146,81.02499999999964,-4.183333333333091,329.40000000000146,0.0019093605765296,0.0012511600542928,-6.459758791062202e-05,0.0050864809859187,0.005913519014081299,0.0079135190140813,-0.0042864809859187
179,2024-06-20 19:00:00,0.013,0.01,0.0011,1.2291,-6.900000000001455,14.975000000000364,51.983333333333576,113.19999999999708,-0.0001061105856843,0.0002302907276264,0.0007994176733075,0.0017408287390524,0.011259171260947599,0.0082591712609476,-0.0006408287390524
180,2024-06-21 09:00:00,0.013,0.006,0.0005,1.2291,-275.09999999999854,-152.34999999999854,-143.71666666666593,255.2000000000044,-0.0043212048480431,-0.0023930772758973,-0.0022574669456364,0.0040086204188317,0.008991379581168298,0.0019913795811683,-0.0035086204188317003
181,2024-06-22 05:00:00,0.004,0.012,0.0012,0.32973,-9.099999999998545,-1.1749999999992724,-1.016666666666424,99.89999999999418,-0.000141637988865,-1.828842163916045e-05,-1.58240243970101e-05,0.0015549049546835,0.0024450950453165,0.0104450950453165,-0.0003549049546835001
182,2024-06-23 13:00:00,0.012,0.011,0.0009,1.12917,-4.399999999997817,8.800000000001091,8.616666666667394,86.5,-6.840391892266652e-05,0.0001368078378454,0.0001339576745569,0.0013447588606394,0.0106552411393606,0.0096552411393606,-0.0004447588606394
183,2024-06-24 03:00:00,0.003,0.005,0.0007,0.2298,-44.34999999999855,-64.27499999999964,-40.5,213.3000000000029,-0.0007044490684117,-0.0010209349238368,-0.0006432962180535,0.0033880267484156,-0.0003880267484156,0.0016119732515844,-0.0026880267484156
184,2024-06-25 05:00:00,0.012,0.011,0.0014,1.12917,34.20000000000073,41.35000000000037,-35.84999999999976,87.80000000000291,0.0005576808304552,0.0006742719982258,-0.0005845864845561,0.0014317069273091,0.0105682930726909,0.009568293072690899,-3.17069273091e-05
185,2024-06-25 13:00:00,0.012,0.003,0.0009,-0.36978,31.0,16.700000000000728,3.4000000000002424,190.79999999999563,0.0005068233132184,0.0002730306235725,5.558707306267185e-05,0.0031194157471637,0.008880584252836301,-0.00011941574716370015,-0.0022194157471637005
186,2024-06-26 14:00:00,0.013,0.008,0.0004,1.2291,137.0,120.67500000000108,90.9333333333343,248.2000000000044,0.0022137192422293,0.0019499311646425,0.0014693494143069,0.0040105482913966,0.0089894517086034,0.0039894517086034005,-0.0036105482913965994
187,2024-06-28 17:00:00,0.013,0.009,0.0012,1.2291,79.40000000000146,-1.2749999999996362,8.81666666666691,218.59999999999852,0.0013021025512354,-2.090907749149511e-05,0.0001445869541569,0.0035848818350134,0.0094151181649866,0.005415118164986599,-0.0023848818350133997
188,2024-06-29 04:00:00,0.013,0.006,0.0003,1.2291,-32.79999999999927,-6.25,-13.266666666666424,59.30000000000291,-0.0005401061769703,-0.0001029165733556,-0.0002184575797095,0.0009764724479983,0.012023527552001699,0.0050235275520017,-0.0006764724479982999
189,2024-06-30 07:00:00,0.008,0.003,0.0005,-0.36978,385.3999999999978,215.8249999999989,160.18333333333308,764.5,0.0062439549152108,0.0034966309537503,0.0025951673884315,0.0123858420671476,-0.004385842067147599,-0.009385842067147598,-0.011885842067147599
190,2024-06-30 19:00:00,0.013,0.008,0.0013,1.2291,48.54999999999927,54.35000000000037,36.03333333333406,213.0,0.0007841154838178,0.0008777894242121,0.000581962813599,0.0034400947075838,0.0095599052924162,0.0045599052924162,-0.0021400947075838
191,2024-07-02 09:00:00,0.013,0.012,0.0004,1.2291,16.700000000000728,68.0,22.816666666666908,169.09999999999854,0.0002661693921137,0.0010838035127984,0.0003636585806424,0.0026951643237384,0.010304835676261599,0.0093048356762616,-0.0022951643237384
192,2024-07-04 09:00:00,0.005,0.013,0.0009,0.42966,-83.0,-203.9250000000011,-163.90000000000023,753.5999999999985,-0.0014435862160126,-0.003546786977113,-0.0028506479614997,0.0131070671371945,-0.008107067137194501,-0.00010706713719450117,-0.0122070671371945
193,2024-07-06 11:00:00,0.013,0.006,0.0003,1.2291,16.849999999998545,-15.575000000000728,26.33333333333333,92.69999999999708,0.0002972410386677,-0.0002747495060683,0.000464531000094,0.0016352667231159,0.011364733276884099,0.0043647332768841,-0.0013352667231159002
194,2024-07-07 01:00:00,0.01,0.004,0.0013,0.92931,-50.09999999999855,-26.69999999999891,-38.09999999999976,125.0,-0.0008648622521288,-0.00046091461341,-0.0006577096168884,0.0021578399504214,0.0078421600495786,0.0018421600495786001,-0.0008578399504214
195,2024-07-07 09:00:00,0.013,0.005,0.0002,1.2291,54.80000000000291,23.125,53.95000000000073,140.8000000000029,0.0009520781538023,0.0004017665566912,0.000937310518205,0.0024462154024702,0.0105537845975298,0.0025537845975298003,-0.0022462154024701997
196,2024-07-07 13:00:00,0.01,0.009,0.0003,0.92931,-65.15000000000146,-112.57500000000071,-45.45000000000073,269.09999999999854,-0.0011413885170884,-0.0019722457760741,-0.0007962564558966,0.0047144689170911,0.0052855310829089,0.004285531082908899,-0.0044144689170911005
197,2024-07-08 02:00:00,0.013,0.011,0.0004,1.2291,152.59999999999854,83.34999999999854,-48.4333333333343,315.40000000000146,0.0027795385164622,0.0015181817519471,-0.0008821907960724,0.0057448653217051,0.007255134678294899,0.005255134678294899,-0.0053448653217051
198,2024-07-09 06:00:00,0.013,0.005,0.0014,1.2291,46.79999999999927,41.17500000000109,34.20000000000073,287.40000000000146,0.0008156308329368,0.0007175982809011,0.0005960379163769,0.0050088098586762,0.007991190141323799,-8.809858676199836e-06,-0.0036088098586761997
199,2024-07-11 17:00:00,0.006,0.006,0.001,0.52959,72.59999999999854,61.64999999999964,34.06666666666691,214.0,0.0012575239249988,0.001067856060278,0.0005900778013539,0.0037067509634954,0.0022932490365046,0.0022932490365046,-0.0027067509634954
200,2024-07-11 19:00:00,0.01,0.003,0.0006,-0.36978,-119.15000000000146,-41.67499999999927,-33.78333333333285,215.59999999999852,-0.0020673381394824,-0.0007230912040531,-0.0005861651152232,0.0037408149632598,0.0062591850367402,-0.0007408149632597998,-0.0031408149632598
201,2024-07-13 17:00:00,0.012,0.01,0.0005,1.12917,-31.099999999998545,-51.79999999999927,-24.916666666666668,55.39999999999418,-0.0005305555650331,-0.0008836906195728,-0.0004250699730571,0.0009451054116666,0.0110548945883334,0.0090548945883334,-0.0004451054116666
202,2024-07-14 05:00:00,0.007,0.01,0.0005,0.62952,58.54999999999927,71.70000000000073,92.58333333333331,372.9000000000015,0.0009769095620341,0.0011963179436012,0.0015447573632507,0.0062218544096079,0.0007781455903920998,0.0037781455903921,-0.0057218544096079
203,2024-07-15 01:00:00,0.012,0.007,0.0003,1.12917,235.0,197.02499999999964,63.68333333333309,337.8000000000029,0.0038242473555736,0.0032062652563059,0.0010363439110387,0.0054971521562246,0.0065028478437754,0.0015028478437754,-0.0051971521562246
204,2024-07-15 19:00:00,0.013,0.013,0.0012,1.2291,7.350000000002183,72.45000000000073,53.75,288.90000000000146,0.0001156571450152,0.0011400490008638,0.0008457920468796,0.0045460339040659,0.0084539660959341,0.0084539660959341,-0.0033460339040659003
205,2024-07-16 21:00:00,0.013,0.008,0.0011,1.2291,-127.39999999999782,-106.72499999999854,-41.96666666666594,301.59999999999854,-0.0019739604557152,-0.0016536179720267,-0.0006502397210218,0.0046730492421014,0.0083269507578986,0.0033269507578986,-0.0035730492421013997
206,2024-07-18 21:00:00,0.008,0.012,0.0002,0.72945,94.09999999999854,98.625,45.53333333333285,107.09999999999854,0.0014745033148902,0.0015454079641982,0.0007134861948778,0.0016782072797529,0.0063217927202471,0.0103217927202471,-0.0014782072797529
207,2024-07-19 04:00:00,0.013,0.011,0.0008,1.2291,-70.64999999999782,48.75,73.28333333333406,190.8000000000029,-0.0011006404434342,0.0007594652741319,0.0011416645505497,0.0029724302421409,0.010027569757859098,0.0080275697578591,-0.0021724302421409
208,2024-07-19 09:00:00,0.003,0.006,0.0005,0.2298,96.89999999999782,147.52499999999964,44.833333333333336,370.4000000000015,0.0015144860828262,0.0023057230069034,0.0007007168150675,0.0057891191442606,-0.0027891191442605996,0.00021088085573940044,-0.0052891191442606
209,2024-07-19 18:00:00,0.013,0.011,0.0001,1.2291,54.69999999999709,75.32500000000073,45.0666666666657,290.3999999999942,0.0008209367383447,0.0011304764134519,0.000676359823426,0.0043583186255086,0.0086416813744914,0.0066416813744914,-0.004258318625508599
210,2024-07-20 02:00:00,0.013,0.005,0.0005,1.2291,-12.44999999999709,-37.95000000000073,15.616666666666182,178.09999999999127,-0.0001873589164785,-0.0005711060948081,0.0002350137948332,0.0026802106847252,0.010319789315274799,0.0023197893152748002,-0.0021802106847252
211,2024-07-21 14:00:00,0.013,0.005,0.0003,1.2291,106.94999999999708,-1.7000000000007276,16.14999999999903,358.0,0.0015983465071757,-2.5406162339410303e-05,0.0002413585422242,0.0053502388926499,0.007649761107350099,-0.0003502388926499003,-0.0050502388926499005
212,2024-07-21 23:00:00,0.013,0.012,0.001,1.2291,67.09999999999854,11.075000000000728,4.416666666666667,193.60000000000585,0.0009853981904505,0.0001626421007338,6.486103340025034e-05,0.0028431160904804,0.010156883909519599,0.0091568839095196,-0.0018431160904804002
213,2024-07-22 21:00:00,0.012,0.004,0.0007,-0.46971,-62.34999999999855,-69.77499999999782,-6.383333333333819,373.0,-0.0009189754050639,-0.0010284123318097,-9.408382254465277e-05,0.0054976395523476,0.0065023604476524,-0.0014976395523476002,-0.0047976395523476
214,2024-07-23 00:00:00,0.004,0.005,0.0007,0.32973,52.05000000000291,81.57500000000073,8.416666666666666,235.39999999999415,0.0007694923272523,0.0012059814907897,0.0001244295950247,0.0034800863368911,0.0005199136631089001,0.0015199136631089002,-0.0027800863368911
215,2024-07-23 05:00:00,0.003,0.012,0.0014,0.2298,-116.19999999999708,-170.79999999999927,-115.78333333333283,216.20000000001164,-0.001739916867311,-0.0025574681664091,-0.0017336779227209,0.0032372635689559,-0.0002372635689558999,0.0087627364310441,-0.0018372635689559
216,2024-07-25 23:00:00,0.004,0.003,0.0003,-0.36978,12.599999999998545,-33.29999999999927,9.616666666666182,146.09999999999127,0.0001917204168549,-0.0005066896731166,0.0001463262969911,0.0022230438811514,0.0017769561188486,0.0007769561188485999,-0.0019230438811514003
217,2024-07-26 17:00:00,0.013,0.008,0.0002,1.2291,-115.95000000000437,-34.95000000000073,-26.566666666668123,136.0,-0.0017221354182138,-0.0005190912709493,-0.0003945786771069,0.0020199259756539,0.0109800740243461,0.0059800740243461,-0.0018199259756538997
218,2024-07-27 11:00:00,0.01,0.003,0.0014,-0.36978,-21.099999999998545,-49.625,-11.050000000000486,112.10000000000582,-0.0003101080528153,-0.0007293418066806,-0.0001624025584649,0.0016475408872324,0.0083524591127676,0.0013524591127676,-0.00024754088723240005
219,2024-07-27 13:00:00,0.013,0.003,0.0013,-0.36978,231.5500000000029,125.29999999999929,114.75,512.0,0.0033639632441071,0.0018203610213198,0.0016670904006101,0.0074383467112192,0.005561653288780799,-0.0044383467112192,-0.0061383467112192
220,2024-07-27 15:00:00,0.013,0.009,0.0006,1.2291,-103.0,-82.95000000000073,-47.89999999999903,329.3999999999942,-0.0014971365446669,-0.001205703654176,-0.0006962411698014,0.0047879298816825,0.0082120701183175,0.004212070118317499,-0.0041879298816825
221,2024-07-27 17:00:00,0.013,0.013,0.0002,1.2291,-89.09999999999854,-10.649999999997815,-7.0666666666656965,138.1999999999971,-0.0012980466655788,-0.0001551537260203,-0.0001029502031809,0.0020133563320201,0.0109866436679799,0.0109866436679799,-0.0018133563320201001
222,2024-07-28 05:00:00,0.013,0.009,0.001,1.2291,-223.04999999999563,-182.5,-122.93333333333187,367.5,-0.0033167236926041,-0.0027137506115232,-0.0018280022384105,0.0054646758889577,0.007535324111042299,0.003535324111042299,-0.0044646758889577
223,2024-07-29 00:00:00,0.008,0.003,0.0005,-0.36978,198.4499999999971,146.15000000000146,85.86666666666618,969.8999999999942,0.0028941861058648,0.0021314451971386,0.0012522757048304,0.0141449791084826,-0.0061449791084826,-0.0111449791084826,-0.0136449791084826
224,2024-07-29 20:00:00,0.004,0.007,0.0011,0.32973,-94.70000000000437,-42.47500000000218,-12.766666666667636,183.89999999999415,-0.0014082684840815,-0.0006316389003312,-0.0001898510487163,0.0027347473518752,0.0012652526481248,0.0042652526481248,-0.0016347473518752
225,2024-07-30 16:00:00,0.013,0.005,0.0007,1.2291,84.95000000000437,103.5,41.94999999999951,157.8000000000029,0.0012817263095637,0.0015616088645066,0.0006329419503966,0.0023808877180594,0.0106191122819406,0.0026191122819406,-0.0016808877180594
226,2024-07-31 22:00:00,0.013,0.011,0.0005,1.2291,22.549999999999272,-19.325000000000728,39.03333333333285,220.0,0.0003477030015018,-0.0002979760755664,0.0006018628451716,0.0033922244048959,0.0096077755951041,0.0076077755951040995,-0.0028922244048959
