Unnamed: 0,calculated_tp,Optimized TP,calculated_sl,Optimized SL,calculated_percentage_change,Percentage Change,tp_difference_rev,sl_difference_rev,percentage_change_difference_rev
0,0.000672,0.007,0.000531,0.008,4.5e-05,0.0003,0.006328,0.007469,0.00025499999999999996
1,0.000866,0.013,0.000679,0.004,5.8e-05,0.0003,0.012133999999999999,0.003321,0.00024199999999999997
2,0.00115,0.012,0.000909,0.008,7.7e-05,0.0002,0.01085,0.007091,0.000123
3,0.001489,0.011,0.001169,0.003,9.9e-05,0.0001,0.009510999999999999,0.0018310000000000002,1.0000000000000108e-06
4,0.001077,0.011,0.00083,0.011,7e-05,0.0004,0.009923,0.010169999999999998,0.00033
5,0.001591,0.013,0.001251,0.009,0.000106,0.0014,0.011408999999999999,0.007748999999999999,0.001294
6,0.000984,0.013,0.000781,0.012,6.6e-05,0.0002,0.012015999999999999,0.011219,0.000134
7,0.002259,0.005,0.001806,0.003,0.000155,0.0009,0.002741,0.001194,0.000745
8,0.003894,0.011,0.003055,0.009,0.000258,0.0008,0.0071059999999999995,0.005944999999999999,0.0005420000000000001
9,0.004671,0.01,0.003686,0.009,0.000314,0.0007,0.005329,0.005313999999999999,0.000386
10,0.004666,0.013,0.003646,0.011,0.00031,0.0009,0.008334,0.007353999999999999,0.00059
11,0.000906,0.013,0.000701,0.008,5.9e-05,0.0012,0.012093999999999999,0.007299,0.0011409999999999999
12,0.001313,0.013,0.001024,0.01,8.6e-05,0.0004,0.011687,0.008976,0.00031400000000000004
13,0.002223,0.003,0.001726,0.008,0.000144,0.0006,0.0007769999999999999,0.006274,0.0004559999999999999
14,0.003013,0.003,0.002417,0.003,0.000206,0.0012,-1.299999999999999e-05,0.0005830000000000002,0.0009939999999999999
15,0.001487,0.013,0.00114,0.009,9.5e-05,0.0014,0.011512999999999999,0.007859999999999999,0.001305
16,0.002812,0.008,0.00218,0.012,0.000183,0.0009,0.005188,0.00982,0.000717
17,0.001582,0.013,0.001232,0.006,0.000104,0.0008,0.011418,0.004768,0.000696
18,0.008232,0.013,0.006405,0.005,0.000541,0.0001,0.004768,-0.001405,-0.00044100000000000004
19,0.002071,0.012,0.001641,0.004,0.000139,0.0008,0.009929,0.002359,0.000661
20,0.001865,0.013,0.001475,0.009,0.000125,0.0006,0.011134999999999999,0.007525,0.00047499999999999994
21,0.001574,0.008,0.001235,0.011,0.000105,0.0014,0.006426,0.009765,0.001295
22,0.001224,0.013,0.000955,0.011,8.1e-05,0.0005,0.011776,0.010045,0.000419
23,0.004054,0.013,0.003174,0.011,0.000268,0.0001,0.008945999999999999,0.007826,-0.00016800000000000002
24,0.001775,0.013,0.001371,0.008,0.000115,0.0012,0.011224999999999999,0.006629,0.0010849999999999998
25,0.003281,0.009,0.002625,0.009,0.000224,0.0013,0.005718999999999999,0.006374999999999999,0.001076
26,0.001936,0.004,0.001543,0.003,0.000131,0.001,0.002064,0.001457,0.000869
27,0.002279,0.013,0.001815,0.009,0.000153,0.0006,0.010721,0.0071849999999999995,0.0004469999999999999
28,0.001192,0.013,0.000944,0.011,8e-05,0.0002,0.011807999999999999,0.010055999999999999,0.00012
29,0.000835,0.013,0.000656,0.006,5.6e-05,0.0014,0.012164999999999999,0.005344,0.001344
30,0.001976,0.006,0.001535,0.008,0.000129,0.0001,0.004024,0.006465,-2.8999999999999987e-05
31,0.000655,0.012,0.000519,0.011,4.4e-05,0.0013,0.011345000000000001,0.010480999999999999,0.001256
32,0.002638,0.012,0.002103,0.008,0.000179,0.0013,0.009362,0.005897,0.001121
33,0.002094,0.007,0.001669,0.012,0.000142,0.001,0.004906000000000001,0.010331,0.000858
34,0.0007,0.004,0.000547,0.003,4.6e-05,0.0011,0.0033,0.0024530000000000003,0.001054
35,0.000846,0.006,0.000668,0.004,5.7e-05,0.0012,0.005154000000000001,0.003332,0.001143
36,0.00096,0.013,0.000768,0.008,6.6e-05,0.0002,0.012039999999999999,0.007232000000000001,0.000134
37,0.001701,0.006,0.001355,0.012,0.000116,0.0004,0.004299,0.010645,0.000284
38,0.001019,0.012,0.000816,0.004,7e-05,0.0008,0.010981000000000001,0.003184,0.0007300000000000001
39,0.001529,0.013,0.00119,0.01,0.000101,0.0005,0.011470999999999999,0.00881,0.000399
40,0.00358,0.005,0.002782,0.006,0.000235,0.0001,0.0014200000000000003,0.003218,-0.00013499999999999997
41,0.000735,0.01,0.000555,0.003,4.6e-05,0.0009,0.009265,0.002445,0.0008539999999999999
42,0.002416,0.003,0.001874,0.008,0.000158,0.0001,0.0005839999999999999,0.006126,-5.799999999999999e-05
43,0.002096,0.013,0.001668,0.009,0.000142,0.0011,0.010903999999999999,0.007331999999999999,0.0009580000000000001
44,0.001103,0.012,0.000858,0.009,7.3e-05,0.0009,0.010897,0.008142,0.0008269999999999999
45,0.001521,0.013,0.001195,0.006,0.000101,0.0004,0.011479,0.004805,0.000299
46,0.001791,0.013,0.001361,0.011,0.000114,0.0012,0.011209,0.009639,0.001086
47,0.002129,0.013,0.001679,0.007,0.000142,0.0006,0.010870999999999999,0.005321,0.00045799999999999997
48,0.001278,0.013,0.001002,0.01,8.5e-05,0.0006,0.011722,0.008998,0.0005149999999999999
49,0.001182,0.003,0.000929,0.008,7.9e-05,0.0011,0.001818,0.007071,0.001021
50,0.001271,0.013,0.000983,0.012,8.3e-05,0.0013,0.011729,0.011017,0.001217
51,0.002349,0.005,0.001868,0.003,0.000159,0.0009,0.002651,0.001132,0.000741
52,0.003463,0.013,0.002762,0.008,0.000233,0.0012,0.009537,0.005238,0.0009669999999999999
53,0.004733,0.003,0.003715,0.01,0.000316,0.0004,-0.0017330000000000002,0.006285000000000001,8.400000000000004e-05
54,0.002184,0.013,0.001783,0.008,0.000154,0.0006,0.010816,0.006217,0.00044599999999999994
55,0.001063,0.01,0.000855,0.007,7.3e-05,0.001,0.008937,0.006145,0.000927
56,0.001782,0.003,0.001388,0.008,0.000117,0.0013,0.0012180000000000001,0.006612,0.001183
57,0.006194,0.012,0.004826,0.011,0.000405,0.0003,0.005806,0.006173999999999999,-0.000105
58,0.003845,0.013,0.003088,0.005,0.000264,0.0012,0.009155,0.001912,0.0009359999999999999
59,0.013536,0.012,0.010754,0.013,0.000914,0.0002,-0.0015359999999999992,0.0022459999999999997,-0.000714
60,0.015576,0.013,0.011995,0.003,0.001009,0.0009,-0.002576,-0.008995,-0.00010899999999999994
61,0.00244,0.009,0.00191,0.003,0.000161,0.0004,0.00656,0.00109,0.000239
62,0.001981,0.01,0.001592,0.013,0.000135,0.0011,0.008019,0.011408,0.000965
63,0.002822,0.012,0.002248,0.003,0.000191,0.0011,0.009178,0.0007520000000000001,0.0009090000000000001
64,0.005502,0.009,0.004401,0.012,0.000375,0.0007,0.0034979999999999994,0.007599,0.000325
65,0.001184,0.013,0.000918,0.013,7.7e-05,0.0005,0.011816,0.012081999999999999,0.000423
66,0.001717,0.013,0.001358,0.008,0.000115,0.0001,0.011283,0.006642,-1.4999999999999999e-05
67,0.002998,0.007,0.002419,0.013,0.000207,0.0007,0.004002,0.010581,0.000493
68,0.007708,0.013,0.006161,0.011,0.000526,0.0005,0.005292,0.0048389999999999996,-2.599999999999998e-05
69,0.003872,0.013,0.003105,0.005,0.000267,0.0006,0.009127999999999999,0.001895,0.00033299999999999996
70,0.003795,0.013,0.002934,0.013,0.000247,0.0002,0.009205,0.010065999999999999,-4.699999999999998e-05
71,0.001541,0.013,0.001219,0.008,0.000103,0.0003,0.011458999999999999,0.006781000000000001,0.00019699999999999996
72,0.003732,0.007,0.002969,0.003,0.000252,0.0004,0.003268,3.100000000000021e-05,0.00014800000000000002
73,0.001334,0.011,0.001042,0.01,8.8e-05,0.0007,0.009666,0.008958,0.000612
74,0.003029,0.013,0.002353,0.008,0.000198,0.0001,0.009970999999999999,0.005647,-9.799999999999998e-05
75,0.002466,0.011,0.001971,0.007,0.000169,0.0013,0.008534,0.0050290000000000005,0.001131
76,0.002003,0.013,0.001516,0.007,0.000127,0.0013,0.010997,0.005484,0.001173
77,0.004989,0.004,0.003946,0.003,0.000336,0.0012,-0.0009890000000000003,-0.0009459999999999998,0.000864
78,0.003062,0.01,0.002409,0.01,0.000203,0.0005,0.006938,0.0075910000000000005,0.000297
79,0.006617,0.011,0.0051,0.01,0.000429,0.0011,0.004383,0.0049,0.000671
80,0.003321,0.003,0.002625,0.003,0.000222,0.0004,-0.0003210000000000001,0.0003749999999999999,0.00017800000000000002
81,0.003346,0.013,0.002636,0.006,0.000223,0.0006,0.009654,0.0033640000000000002,0.00037699999999999995
82,0.002985,0.013,0.002399,0.011,0.000204,0.0007,0.010015,0.008601,0.000496
83,0.001472,0.013,0.001168,0.013,9.9e-05,0.0001,0.011528,0.011831999999999999,1.0000000000000108e-06
84,0.002839,0.013,0.002271,0.013,0.000192,0.0013,0.010161,0.010728999999999999,0.001108
85,0.001823,0.012,0.001436,0.01,0.000122,0.0008,0.010177,0.008564,0.000678
86,0.002062,0.006,0.00164,0.003,0.000139,0.0013,0.0039380000000000005,0.00136,0.001161
87,0.00166,0.013,0.001348,0.01,0.000116,0.0012,0.01134,0.008652,0.001084
88,0.002156,0.012,0.00172,0.01,0.000146,0.0008,0.009844,0.008280000000000001,0.0006540000000000001
89,0.001574,0.007,0.001246,0.011,0.000106,0.0013,0.005426,0.009753999999999999,0.001194
90,0.001706,0.013,0.001355,0.009,0.000115,0.0002,0.011293999999999998,0.007644999999999999,8.5e-05
91,0.001567,0.013,0.00125,0.011,0.000107,0.0004,0.011432999999999999,0.00975,0.000293
92,0.00262,0.013,0.002056,0.005,0.000173,0.0002,0.01038,0.002944,2.7000000000000006e-05
93,0.00185,0.013,0.001442,0.007,0.000122,0.0004,0.01115,0.0055580000000000004,0.00027800000000000004
94,0.001374,0.008,0.001101,0.007,9.4e-05,0.001,0.006626,0.005899,0.000906
95,0.002741,0.008,0.002168,0.013,0.000183,0.0007,0.005259,0.010832,0.000517
96,0.000746,0.003,0.000585,0.004,4.9e-05,0.0001,0.002254,0.003415,5.1000000000000006e-05
97,0.003391,0.013,0.002636,0.013,0.000221,0.0003,0.009609,0.010364,7.899999999999997e-05
98,0.003054,0.013,0.002396,0.011,0.000203,0.0007,0.009946,0.008603999999999999,0.000497
99,0.001476,0.013,0.001159,0.008,9.9e-05,0.0012,0.011524,0.006841,0.001101
100,0.001102,0.013,0.000878,0.013,7.5e-05,0.0006,0.011897999999999999,0.012121999999999999,0.000525
101,0.003006,0.005,0.002404,0.01,0.000205,0.001,0.001994,0.007596,0.000795
102,0.00482,0.011,0.003749,0.004,0.000317,0.0002,0.00618,0.0002509999999999999,-0.000117
103,0.007892,0.013,0.006146,0.013,0.000524,0.0007,0.005108,0.006853999999999999,0.00017599999999999994
104,0.005069,0.012,0.003911,0.005,0.000329,0.0014,0.0069310000000000005,0.0010889999999999997,0.001071
105,0.003036,0.013,0.002362,0.01,0.000199,0.0004,0.009963999999999999,0.007638000000000001,0.000201
106,0.003474,0.012,0.002726,0.013,0.000231,0.0001,0.008526,0.010273999999999998,-0.00013099999999999999
107,0.003,0.011,0.002344,0.007,0.000199,0.0004,0.008,0.004656,0.000201
108,0.004716,0.004,0.003723,0.003,0.000317,0.0003,-0.0007159999999999996,-0.0007230000000000001,-1.7000000000000034e-05
109,0.002931,0.007,0.002258,0.009,0.00019,0.0012,0.004069,0.006742,0.0010099999999999998
110,0.00437,0.013,0.003381,0.005,0.000285,0.0004,0.008629999999999999,0.0016190000000000002,0.00011500000000000003
111,0.002159,0.013,0.001696,0.01,0.000143,0.0008,0.010841,0.008304,0.000657
112,0.001197,0.003,0.000941,0.008,8e-05,0.0007,0.0018030000000000001,0.007059,0.00062
113,0.005687,0.008,0.004533,0.003,0.000386,0.0006,0.002313,-0.0015329999999999996,0.00021399999999999994
114,0.002683,0.013,0.002144,0.012,0.000183,0.0003,0.010317,0.009856,0.00011699999999999997
115,0.000974,0.011,0.000769,0.011,6.5e-05,0.0002,0.010026,0.010230999999999999,0.00013500000000000003
116,0.002874,0.007,0.002298,0.012,0.000196,0.001,0.004126,0.009702,0.000804
117,0.001338,0.004,0.001032,0.003,8.7e-05,0.0003,0.0026620000000000003,0.001968,0.00021299999999999997
118,0.001508,0.013,0.001181,0.006,0.0001,0.0006,0.011491999999999999,0.004819,0.0004999999999999999
119,0.002961,0.013,0.002316,0.008,0.000196,0.0001,0.010039,0.005684,-9.599999999999999e-05
120,0.000756,0.005,0.000593,0.007,5e-05,0.0006,0.004244,0.006407,0.0005499999999999999
121,0.001296,0.012,0.00103,0.009,8.8e-05,0.001,0.010704,0.00797,0.000912
122,0.000986,0.012,0.000764,0.013,6.4e-05,0.0006,0.011014,0.012235999999999999,0.0005359999999999999
123,0.00151,0.013,0.001228,0.013,0.000105,0.0007,0.01149,0.011772,0.000595
124,0.000849,0.013,0.000673,0.007,5.7e-05,0.0006,0.012150999999999999,0.006327,0.000543
125,0.002275,0.013,0.001825,0.013,0.000156,0.0006,0.010724999999999998,0.011175,0.00044399999999999995
126,0.002465,0.013,0.001902,0.007,0.00016,0.0008,0.010535,0.005098,0.00064
127,0.001385,0.003,0.001072,0.011,9e-05,0.0001,0.0016150000000000001,0.009928,9.999999999999999e-06
128,0.001261,0.012,0.00099,0.007,8.4e-05,0.0008,0.010739,0.00601,0.0007160000000000001
129,0.001361,0.013,0.001078,0.006,9.1e-05,0.001,0.011639,0.004922,0.000909
130,0.003068,0.013,0.002407,0.008,0.000203,0.0008,0.009932,0.005593000000000001,0.0005970000000000001
131,0.001782,0.013,0.00137,0.008,0.000116,0.0004,0.011217999999999999,0.0066300000000000005,0.000284
132,0.003981,0.007,0.003184,0.01,0.00027,0.0012,0.003019,0.006816,0.0009299999999999998
133,0.001688,0.005,0.0013,0.003,0.000109,0.0002,0.003312,0.0017000000000000001,9.1e-05
134,0.00086,0.005,0.000661,0.007,5.5e-05,0.0006,0.0041400000000000005,0.006339,0.0005449999999999999
135,0.000802,0.013,0.000622,0.005,5.3e-05,0.0006,0.012197999999999999,0.004378,0.000547
136,0.000967,0.009,0.000744,0.012,6.3e-05,0.0014,0.008032999999999998,0.011256,0.001337
137,0.002492,0.013,0.001947,0.012,0.000165,0.0011,0.010508,0.010053,0.0009350000000000001
138,0.004439,0.013,0.003519,0.011,0.000298,0.0007,0.008561,0.007481,0.000402
139,0.002174,0.013,0.001703,0.008,0.000144,0.0003,0.010825999999999999,0.0062970000000000005,0.00015599999999999997
140,0.002158,0.013,0.001664,0.011,0.00014,0.0013,0.010842,0.009335999999999999,0.00116
141,0.001007,0.013,0.000801,0.008,6.8e-05,0.0004,0.011993,0.0071990000000000005,0.00033200000000000005
142,0.001455,0.009,0.001125,0.013,9.5e-05,0.0012,0.007545,0.011875,0.0011049999999999999
143,0.00113,0.008,0.000881,0.013,7.5e-05,0.0011,0.00687,0.012119,0.001025
144,0.002985,0.013,0.002301,0.01,0.000193,0.0005,0.010015,0.007699,0.000307
145,0.00185,0.012,0.001482,0.007,0.000126,0.0004,0.01015,0.005518,0.00027400000000000005
146,0.001852,0.004,0.001478,0.007,0.000126,0.0013,0.002148,0.005522,0.001174
147,0.003905,0.005,0.003106,0.003,0.000262,0.0004,0.001095,-0.00010599999999999976,0.000138
148,0.002014,0.003,0.001653,0.011,0.000142,0.0012,0.000986,0.009347,0.001058
149,0.002216,0.012,0.001733,0.013,0.000146,0.0004,0.009784000000000001,0.011267,0.000254
150,0.001215,0.009,0.000992,0.004,8.5e-05,0.0001,0.007784999999999999,0.0030080000000000003,1.4999999999999999e-05
151,0.002308,0.013,0.001798,0.011,0.000151,0.0005,0.010692,0.009202,0.000349
152,0.000891,0.013,0.000717,0.01,6.1e-05,0.0006,0.012109,0.009283,0.000539
153,0.000796,0.013,0.000632,0.013,5.3e-05,0.0003,0.012204,0.012367999999999999,0.000247
154,0.000706,0.013,0.00056,0.01,4.8e-05,0.0005,0.012294,0.00944,0.00045200000000000004
155,0.001417,0.011,0.00113,0.007,9.6e-05,0.0001,0.009583,0.00587,4.000000000000002e-06
156,0.001826,0.005,0.001419,0.003,0.00012,0.0002,0.003174,0.0015810000000000002,8e-05
157,0.001534,0.006,0.001216,0.003,0.000103,0.0011,0.004466,0.001784,0.000997
158,0.001605,0.013,0.001239,0.009,0.000104,0.0009,0.011394999999999999,0.007760999999999999,0.0007959999999999999
159,0.001494,0.013,0.001177,0.013,9.9e-05,0.0002,0.011505999999999999,0.011823,0.00010100000000000002
160,0.002363,0.003,0.001902,0.003,0.000163,0.0004,0.000637,0.001098,0.00023700000000000001
161,0.001017,0.003,0.000802,0.013,6.8e-05,0.0008,0.0019830000000000004,0.012197999999999999,0.000732
162,0.000306,0.012,0.000243,0.007,2.1e-05,0.0006,0.011694,0.006757,0.000579
163,0.000893,0.008,0.000701,0.006,5.9e-05,0.0001,0.0071070000000000005,0.005299,4.100000000000001e-05
164,0.001079,0.012,0.000872,0.009,7.4e-05,0.0011,0.010921,0.008128,0.001026
165,0.000927,0.009,0.000738,0.01,6.3e-05,0.0011,0.008072999999999999,0.009262,0.0010370000000000002
166,0.012769,0.013,0.009808,0.009,0.000825,0.0005,0.00023099999999999857,-0.0008080000000000014,-0.000325
167,0.000532,0.012,0.000416,0.012,3.5e-05,0.0006,0.011468,0.011584,0.000565
168,0.000944,0.012,0.00073,0.011,6.2e-05,0.0001,0.011056,0.01027,3.8e-05
169,0.000875,0.013,0.000681,0.012,5.7e-05,0.0001,0.012124999999999999,0.011319000000000001,4.3e-05
170,0.00327,0.005,0.002585,0.007,0.000219,0.0014,0.0017300000000000002,0.0044150000000000005,0.001181
171,0.004681,0.006,0.00373,0.003,0.000319,0.0013,0.0013189999999999999,-0.0007299999999999997,0.0009809999999999999
172,0.002164,0.012,0.001735,0.013,0.000148,0.0003,0.009836000000000001,0.011264999999999999,0.00015199999999999998
173,0.003413,0.004,0.002688,0.006,0.000229,0.0011,0.0005870000000000003,0.0033120000000000003,0.000871
174,0.00056,0.007,0.00043,0.009,3.6e-05,0.0002,0.00644,0.00857,0.000164
175,0.000447,0.013,0.000356,0.011,3e-05,0.0004,0.012553,0.010643999999999999,0.00037
176,0.001062,0.013,0.000856,0.005,7.3e-05,0.001,0.011937999999999999,0.004144,0.000927
177,0.002645,0.013,0.002086,0.009,0.000177,0.0011,0.010355,0.006913999999999999,0.0009230000000000001
178,0.00303,0.011,0.002418,0.013,0.000206,0.0008,0.00797,0.010582,0.000594
179,0.001019,0.013,0.000802,0.01,6.7e-05,0.0011,0.011980999999999999,0.009198,0.001033
180,0.002269,0.013,0.001708,0.006,0.000143,0.0005,0.010731,0.004292,0.000357
181,0.000911,0.004,0.000714,0.012,6e-05,0.0012,0.003089,0.011286000000000001,0.00114
182,0.000789,0.012,0.00062,0.011,5.2e-05,0.0009,0.011211,0.010379999999999999,0.000848
183,0.001976,0.003,0.001537,0.005,0.00013,0.0007,0.0010240000000000002,0.003463,0.00057
184,0.000855,0.012,0.000685,0.011,5.9e-05,0.0014,0.011145,0.010315,0.001341
185,0.001843,0.012,0.001459,0.003,0.000124,0.0009,0.010157,0.001541,0.000776
186,0.002401,0.013,0.001932,0.008,0.000164,0.0004,0.010598999999999999,0.0060680000000000005,0.00023600000000000002
187,0.002132,0.013,0.001695,0.009,0.000144,0.0012,0.010868,0.007304999999999999,0.0010559999999999999
188,0.000563,0.013,0.000435,0.006,3.7e-05,0.0003,0.012437,0.0055650000000000005,0.000263
189,0.007403,0.008,0.005934,0.003,0.000505,0.0005,0.0005970000000000003,-0.002934,-5.000000000000013e-06
190,0.002037,0.013,0.001619,0.008,0.000137,0.0013,0.010962999999999999,0.006381,0.001163
191,0.001591,0.013,0.001261,0.012,0.000107,0.0004,0.011408999999999999,0.010739,0.000293
192,0.00767,0.005,0.00599,0.013,0.000507,0.0009,-0.0026699999999999996,0.00701,0.000393
193,0.000965,0.013,0.000761,0.006,6.4e-05,0.0003,0.012034999999999999,0.005239000000000001,0.000236
194,0.001251,0.01,0.000969,0.004,8.2e-05,0.0013,0.008749,0.003031,0.001218
195,0.001455,0.013,0.00116,0.005,9.8e-05,0.0002,0.011545,0.00384,0.00010200000000000001
196,0.002744,0.01,0.00213,0.009,0.00018,0.0003,0.007256,0.006869999999999999,0.00011999999999999996
197,0.003436,0.013,0.002752,0.011,0.000235,0.0004,0.009564,0.008247999999999998,0.00016500000000000003
198,0.002959,0.013,0.002343,0.005,0.000199,0.0014,0.010041,0.002657,0.001201
199,0.002204,0.006,0.001758,0.006,0.000149,0.001,0.0037960000000000003,0.004242,0.000851
200,0.002157,0.01,0.001662,0.003,0.00014,0.0006,0.007843,0.001338,0.00045999999999999996
201,0.000544,0.012,0.000414,0.01,3.5e-05,0.0005,0.011456000000000001,0.009586,0.000465
202,0.003674,0.007,0.002911,0.01,0.000246,0.0005,0.003326,0.007089,0.000254
203,0.003311,0.012,0.002679,0.007,0.000229,0.0003,0.008689,0.004321,7.099999999999996e-05
204,0.002674,0.013,0.002112,0.013,0.000178,0.0012,0.010325999999999998,0.010887999999999998,0.001022
205,0.002704,0.013,0.002088,0.008,0.000176,0.0011,0.010296,0.005912000000000001,0.0009240000000000001
206,0.001017,0.008,0.000831,0.012,7.1e-05,0.0002,0.0069830000000000005,0.011169,0.000129
207,0.001724,0.013,0.001344,0.011,0.000113,0.0008,0.011276,0.009656,0.000687
208,0.003435,0.003,0.002738,0.006,0.000232,0.0005,-0.00043500000000000006,0.003262,0.000268
209,0.002578,0.013,0.002046,0.011,0.000173,0.0001,0.010421999999999999,0.008954,-7.3e-05
210,0.001569,0.013,0.001228,0.005,0.000104,0.0005,0.011431,0.003772,0.00039600000000000003
211,0.003174,0.013,0.002519,0.005,0.000214,0.0003,0.009826,0.002481,8.599999999999998e-05
212,0.00169,0.013,0.001344,0.012,0.000114,0.001,0.011309999999999999,0.010656,0.0008860000000000001
213,0.00321,0.012,0.002505,0.004,0.000211,0.0007,0.00879,0.0014950000000000002,0.000489
214,0.002063,0.004,0.001641,0.005,0.000139,0.0007,0.001937,0.003359,0.000561
215,0.001865,0.003,0.001426,0.012,0.00012,0.0014,0.0011350000000000002,0.010574,0.0012799999999999999
216,0.001308,0.004,0.001029,0.003,8.7e-05,0.0003,0.002692,0.001971,0.00021299999999999997
217,0.001152,0.013,0.000878,0.008,7.3e-05,0.0002,0.011848,0.007122,0.000127
218,0.00096,0.01,0.000746,0.003,6.3e-05,0.0014,0.00904,0.002254,0.001337
219,0.004437,0.013,0.003549,0.003,0.000302,0.0013,0.008563,-0.000549,0.000998
220,0.002782,0.013,0.002159,0.009,0.000182,0.0006,0.010218,0.006841,0.00041799999999999997
221,0.001157,0.013,0.00089,0.013,7.5e-05,0.0002,0.011843,0.01211,0.000125
222,0.003143,0.013,0.002407,0.009,0.000203,0.001,0.009857,0.006593,0.000797
223,0.00837,0.008,0.006637,0.003,0.000563,0.0005,-0.00037000000000000054,-0.0036369999999999996,-6.300000000000001e-05
224,0.001578,0.004,0.001217,0.007,0.000102,0.0011,0.002422,0.005783,0.000998
225,0.001427,0.013,0.00115,0.005,9.8e-05,0.0007,0.011573,0.00385,0.000602
226,0.001998,0.013,0.001574,0.011,0.000133,0.0005,0.011002,0.009425999999999999,0.00036700000000000003
