Datetime,Side,Signal Open Price,Entry Price,TP Price,SL Price,Result,Duration,Execution Latency,ROI,NAV,CM_2x,ROI_2x,CM_3x,ROI_3x,CM_4x,ROI_4x,CM_5x,ROI_5x,CM_6x,ROI_6x,CM_7x,ROI_7x,CM_8x,ROI_8x
1/1/2024 2:58,Sell,42623.7,42627.1099,42217.88964,43215.36401,1,2:54:00,0:04:00,0.96,100960,101920,1.92,102880,2.88,103840,3.84,104800,4.8,105760,5.76,106720,6.72,107680,7.68
1/1/2024 18:58,Buy,43117.4,,,,Not Filled,0:00:00,0:00:00,0,100960,101920,0,102880,0,103840,0,104800,0,105760,0,106720,0,107680,0
1/2/2024 2:58,Sell,45376.4,45380.03011,44944.38182,46006.27453,1,12:19:00,0:00:00,1.929216,101929.216,103876.864,1.92,105842.944,2.88,107827.456,3.84,109830.4,4.8,111851.776,5.76,113891.584,6.72,115949.824,7.68
1/3/2024 0:58,Buy,45148.9,45145.28809,45578.68285,44522.28311,1,8:38:00,0:03:00,2.907736474,102907.7365,105871.2998,1.92,108891.2208,2.88,111968.0303,3.84,115102.2592,4.8,118294.4383,5.76,121545.0984,6.72,124854.7705,7.68
1/3/2024 18:58,Buy,42248,42244.62016,42650.16851,41661.6444,1,0:24:00,0:00:00,3.895650744,103895.6507,107904.0287,1.92,112027.2879,2.88,116267.6027,3.84,120627.1676,4.8,125108.1979,5.76,129712.9291,6.72,134443.6169,7.68
1/5/2024 2:58,Buy,43507.4,43503.91941,43921.55703,42903.56532,1,3:56:00,0:00:00,4.893048991,104893.049,109975.7861,1.92,115253.6738,2.88,120732.2786,3.84,126417.2717,4.8,132314.4301,5.76,138429.6379,6.72,144768.8866,7.68
1/6/2024 2:58,Buy,43913.8,43910.2869,44331.82565,43304.32494,1,34:25:00,0:00:00,5.900022261,105900.0223,112087.3212,1.92,118572.9796,2.88,125368.3981,3.84,132485.3007,4.8,139935.7413,5.76,147732.1096,6.72,155887.1371,7.68
1/6/2024 22:58,Buy,43877.1,43873.58983,44294.77629,43268.13429,1,14:21:00,0:00:00,6.916662475,106916.6625,114239.3978,1.92,121987.8815,2.88,130182.5446,3.84,138844.5952,4.8,147996.04,5.76,157659.7073,6.72,167859.2693,7.68
1/7/2024 2:58,Sell,43932.7,43936.21462,43514.42696,44542.53438,1,23:37:00,0:02:00,7.943062435,107943.0624,116432.7942,1.92,125501.1324,2.88,135181.5543,3.84,145509.1357,4.8,156520.6119,5.76,168254.4397,6.72,180750.8611,7.68
1/7/2024 6:58,Sell,44010.2,44013.72082,43591.1891,44621.11016,1,16:46:00,0:00:00,8.979315834,108979.3158,118668.3038,1.92,129115.5651,2.88,140372.526,3.84,152493.5742,4.8,165536.1992,5.76,179561.138,6.72,194632.5273,7.68
1/8/2024 1:58,Buy,43697.4,43693.90421,44113.36569,43090.92833,1,4:23:00,0:00:00,10.02551727,110025.5173,120946.7353,1.92,132834.0933,2.88,145762.831,3.84,159813.2658,4.8,175071.0842,5.76,191627.6465,6.72,209580.3054,7.68
1/8/2024 22:58,Sell,47017.1,47020.86137,46569.4611,47669.74925,1,1:29:00,0:10:00,11.08176223,111081.7622,123268.9126,1.92,136659.7152,2.88,151360.1237,3.84,167484.3026,4.8,185155.1787,5.76,204505.0243,6.72,225676.0728,7.68
1/10/2024 18:58,Buy,46481.2,46477.4815,46923.66533,45836.09226,-1,1:12:00,0:00:00,9.548833913,109548.8339,119866.6906,-2.76,131002.003,-4.14,143005.0449,-5.52,155927.8857,-6.9,169824.3299,-8.28,184749.839,-9.66,200761.4344,-11.04
1/11/2024 18:58,Sell,46574.1,46577.82593,46130.6788,47220.59993,1,1:57:00,0:01:00,10.60050272,110600.5027,122168.1311,1.92,134774.8607,2.88,148496.4386,3.84,163412.4242,4.8,179606.2113,5.76,197165.0281,6.72,216179.9125,7.68
1/12/2024 18:58,Sell,43642.1,43645.59137,43226.59369,44247.90053,1,2:19:00,0:27:00,11.66226754,111662.2675,124513.7592,1.92,138656.3767,2.88,154198.7018,3.84,171256.2206,4.8,189951.5291,5.76,210414.518,6.72,232782.5298,7.68
1/14/2024 3:58,Sell,42684.5,42687.91476,42278.11078,43277.00798,1,16:03:00,0:01:00,12.73422531,112734.2253,126904.4234,1.92,142649.6803,2.88,160119.932,3.84,179476.5192,4.8,200892.7372,5.76,224554.3736,6.72,250660.2281,7.68
1/15/2024 2:58,Sell,42382,42385.39056,41978.49081,42970.30895,-1,15:27:00,0:00:00,11.178493,111178.493,123401.8613,-2.76,136743.9836,-4.14,151281.3118,-5.52,167092.6393,-6.9,184258.8185,-8.28,202862.4212,-9.66,222987.3389,-11.04
1/15/2024 18:58,Sell,43015.7,43019.14126,42606.1575,43612.80541,1,3:15:00,0:00:00,12.24580654,112245.8065,125771.177,1.92,140682.2103,2.88,157090.5141,3.84,175113.086,4.8,194872.1265,5.76,216494.7759,6.72,240112.7666,7.68
1/16/2024 0:58,Buy,42611.2,42607.7911,43016.8259,42019.80359,1,7:47:00,0:01:00,13.32336628,113323.3663,128185.9836,1.92,144733.858,2.88,163122.7899,3.84,183518.5142,4.8,206096.7609,5.76,231043.2248,6.72,258553.427,7.68
1/16/2024 18:58,Buy,42996,42992.56032,43405.2889,42399.26299,1,2:18:00,0:04:00,14.4112706,114411.2706,130647.1545,1.92,148902.1931,2.88,169386.705,3.84,192327.4028,4.8,217967.9344,5.76,246569.3295,6.72,278410.3302,7.68
1/17/2024 2:58,Buy,42990.4,42986.96077,43399.63559,42393.74071,-1,9:38:00,0:00:00,12.83239506,112832.3951,127041.293,-2.76,142737.6423,-4.14,160036.5589,-5.52,179056.812,-6.9,199920.1894,-8.28,222750.7323,-9.66,247673.8298,-11.04
1/17/2024 22:58,Sell,42675.7,42679.11406,42269.39456,43268.08583,1,17:38:00,0:00:00,13.91558605,113915.5861,129480.4859,1.92,146848.4864,2.88,166181.9627,3.84,187651.539,4.8,211435.5923,5.76,237719.5815,6.72,266695.1799,7.68
1/18/2024 20:58,Sell,41050.8,41054.08406,40659.96486,41620.63042,1,18:56:00,0:29:00,15.00917568,115009.1757,131966.5112,1.92,151077.7228,2.88,172563.3501,3.84,196658.8129,4.8,223614.2824,5.76,253694.3374,6.72,287177.3697,7.68
1/19/2024 6:58,Buy,41482.9,41479.58137,41877.78535,40907.16315,-1,7:49:00,0:01:00,13.42204906,113422.0491,128324.2355,-2.76,144823.105,-4.14,163037.8532,-5.52,183089.3548,-6.9,205099.0199,-8.28,229187.4644,-9.66,255472.9881,-11.04
1/20/2024 2:58,Sell,41617.9,41621.22943,41221.66563,42195.6024,1,48:15:00,0:01:00,14.51090073,114510.9007,130788.0608,1.92,148994.0105,2.88,169298.5067,3.84,191877.6438,4.8,216912.7234,5.76,244588.862,6.72,275093.3136,7.68
1/20/2024 10:58,Buy,41536.1,41532.77711,41931.49177,40959.62479,-1,41:52:00,0:02:00,12.9306503,112930.6503,127178.3103,-2.76,142825.6584,-4.14,159953.2292,-5.52,178638.0864,-6.9,198952.3499,-8.28,220961.5779,-9.66,244723.0118,-11.04
1/22/2024 19:58,Sell,39740.7,39743.87926,39362.33802,40292.34479,-1,0:30:00,0:00:00,11.37220732,111372.2073,123668.189,-2.76,136912.6762,-4.14,151123.8109,-5.52,166312.0584,-6.9,182479.0953,-8.28,199616.6895,-9.66,217705.5913,-11.04
1/23/2024 18:58,Sell,39189.5,39192.63516,38816.38586,39733.49353,-1,4:28:00,0:00:00,9.835270862,109835.2709,120254.9469,-2.76,131244.4914,-4.14,142781.7766,-5.52,154836.5264,-6.9,167369.8262,-8.28,180333.7173,-9.66,193670.894,-11.04
1/24/2024 18:58,Buy,39731.6,39728.42147,40109.81432,39180.16926,1,4:22:00,0:00:00,10.88968946,110889.6895,122563.8419,1.92,135024.3327,2.88,148264.5968,3.84,162268.6797,4.8,177010.3282,5.76,192452.1431,6.72,208544.8186,7.68
1/25/2024 14:58,Sell,39998,40001.19984,39617.18832,40553.2164,1,0:54:00,0:01:00,11.95423048,111954.2305,124917.0677,1.92,138913.0335,2.88,153957.9573,3.84,170057.5763,4.8,187206.1231,5.76,205384.9271,6.72,224561.0607,7.68
1/26/2024 2:58,Sell,40137.5,40140.711,39755.36017,40694.65281,-1,7:40:00,0:02:00,10.4092621,110409.2621,121469.3566,-2.76,133162.0339,-4.14,145459.4781,-5.52,158323.6035,-6.9,171705.4561,-8.28,185544.7431,-9.66,199769.5196,-11.04
1/26/2024 18:58,Sell,42056.7,42060.06454,41656.28792,42640.49343,1,12:02:00,0:00:00,11.46919102,111469.191,123801.5683,1.92,136997.1005,2.88,151045.122,3.84,165923.1365,4.8,181595.6904,5.76,198013.3499,6.72,215111.8187,7.68
1/27/2024 2:58,Buy,41833,41829.65336,42231.21803,41252.40414,1,22:29:00,0:00:00,12.53929525,112539.2952,126178.5584,1.92,140942.617,2.88,156845.2547,3.84,173887.4471,4.8,192055.6022,5.76,211319.847,6.72,231632.4064,7.68
1/28/2024 2:58,Buy,42080.9,42077.53353,42481.47785,41496.86357,1,1:29:00,0:03:00,13.61967248,113619.6725,128601.1867,1.92,145001.7644,2.88,162868.1125,3.84,182234.0445,4.8,203118.0049,5.76,225520.5407,6.72,249421.7752,7.68
1/28/2024 18:58,Sell,41981.2,41984.5585,41581.50673,42563.9454,-1,20:47:00,0:13:00,12.051721,112051.721,125051.7939,-2.76,138998.6913,-4.14,153877.7927,-5.52,169659.8954,-6.9,186299.8341,-8.28,203735.2565,-9.66,221885.6112,-11.04
1/30/2024 10:58,Sell,43464.2,43467.67714,43050.38744,44067.53108,1,12:28:00,0:00:00,13.12741753,113127.4175,127452.7884,1.92,143001.8536,2.88,159786.6999,3.84,177803.5704,4.8,197030.7045,5.76,217426.2657,6.72,238926.4262,7.68
1/30/2024 18:58,Buy,43335.1,43331.63319,43747.61687,42733.65665,1,1:28:00,0:04:00,14.21344073,114213.4407,129899.8819,1.92,147120.307,2.88,165922.5092,3.84,186338.1418,4.8,208379.6731,5.76,232037.3108,6.72,257275.9757,7.68
1/31/2024 18:58,Sell,43485.4,43488.87883,43071.3856,44089.02536,1,0:33:00,0:00:00,15.30988976,115309.8898,132393.9597,1.92,151357.3719,2.88,172293.9335,3.84,195282.3726,4.8,220382.3422,5.76,247630.218,6.72,277034.7706,7.68
2/1/2024 6:58,Buy,42156.2,42152.8275,42557.49465,41571.11848,1,7:52:00,0:00:00,16.41686471,116416.8647,134935.9237,1.92,155716.4642,2.88,178910.0206,3.84,204655.9265,4.8,233076.3652,5.76,264270.9687,6.72,298311.041,7.68
2/3/2024 2:58,Sell,43150.5,43153.95204,42739.6741,43749.47658,1,27:58:00,0:00:00,17.53446661,117534.4666,137526.6934,1.92,160201.0983,2.88,185780.1654,3.84,214479.411,4.8,246501.5638,5.76,282029.9778,6.72,321221.329,7.68
2/5/2024 10:58,Sell,43118.2,43121.64946,42707.68162,43716.72822,1,4:45:00,0:00:00,18.66279749,118662.7975,140167.2059,1.92,164814.89,2.88,192914.1237,3.84,224774.4227,4.8,260700.0539,5.76,300982.3923,6.72,345891.127,7.68
2/7/2024 10:58,Buy,42853,42849.57176,43260.92765,42258.24767,1,3:48:00,0:00:00,19.80196034,119801.9603,142858.4163,1.92,169561.5588,2.88,200322.0261,3.84,235563.595,4.8,275716.377,5.76,321208.4091,6.72,372455.5656,7.68
2/8/2024 2:58,Sell,44593.8,44597.3675,44169.23278,45212.81118,-1,11:58:00,0:00:00,18.14869329,118148.6933,138915.524,-2.76,162541.7103,-4.14,189264.2502,-5.52,219309.7069,-6.9,252887.061,-8.28,290179.6767,-9.66,331336.4711,-11.04
2/8/2024 18:58,Buy,45288.8,45285.1769,45719.91459,44660.24145,1,7:20:00,0:00:00,19.28292075,119282.9207,141582.7021,1.92,167222.9115,2.88,196531.9974,3.84,229836.5729,4.8,267453.3557,5.76,309679.751,6.72,356783.1121,7.68
2/9/2024 11:58,Buy,47107.3,47103.53142,47555.72532,46453.50268,1,0:10:00,0:00:00,20.42803679,120428.0368,144301.0899,1.92,172038.9314,2.88,204078.8261,3.84,240868.7284,4.8,282858.669,5.76,330490.2303,6.72,384184.0551,7.68
2/11/2024 0:58,Sell,47697.8,47701.61582,47243.68031,48359.89812,-1,2:37:00,0:00:00,18.76612988,118766.1299,140318.3799,-2.76,164916.5196,-4.14,192813.6749,-5.52,224248.7861,-6.9,259437.9712,-8.28,298564.874,-9.66,341770.1355,-11.04
2/11/2024 23:58,Buy,48268.9,48265.03849,48728.38286,47598.98096,1,0:27:00,0:03:00,19.90628472,119906.2847,143012.4927,1.92,169666.1154,2.88,200217.7201,3.84,235012.7278,4.8,274381.5983,5.76,318628.4336,6.72,368018.0819,7.68
2/13/2024 2:58,Sell,49991.7,49995.69934,49515.74062,50685.63999,1,8:49:00,1:49:00,21.05738506,121057.3851,145758.3326,1.92,174552.4995,2.88,207906.0805,3.84,246293.3388,4.8,290185.9784,5.76,340040.2643,6.72,396281.8705,7.68
2/14/2024 2:58,Buy,49491.1,49487.14071,49962.21726,48804.21817,1,5:50:00,0:02:00,22.21953595,122219.536,148556.8926,1.92,179579.6115,2.88,215889.674,3.84,258115.419,4.8,306900.6907,5.76,362890.9701,6.72,426716.3182,7.68
2/14/2024 12:58,Sell,51715.8,51719.93726,51223.42587,52433.6724,1,2:56:00,0:27:00,23.3928435,123392.8435,151409.1849,1.92,184751.5043,2.88,224179.8375,3.84,270504.9591,4.8,324578.1705,5.76,387277.2433,6.72,459488.1314,7.68
2/16/2024 2:58,Sell,52160.7,52164.87286,51664.09008,52884.7481,1,6:11:00,0:00:00,24.5774148,124577.4148,154316.2413,1.92,190072.3476,2.88,232788.3432,3.84,283489.1972,4.8,343273.8731,5.76,413302.274,6.72,494776.8199,7.68
2/17/2024 2:58,Buy,51953.6,51949.44371,52448.15837,51232.54139,-1,10:33:00,0:02:00,22.85824647,122858.2465,150057.113,-2.76,182203.3524,-4.14,219938.4267,-5.52,263928.4426,-6.9,314850.7964,-8.28,373377.2743,-9.66,440153.459,-11.04
2/17/2024 18:58,Buy,51293.7,51289.5965,51781.97663,50581.80007,1,2:20:00,0:05:00,24.03768564,124037.6856,152938.2096,1.92,187450.809,2.88,228384.0623,3.84,276597.0078,4.8,332986.2023,5.76,398468.2272,6.72,473957.2447,7.68
2/18/2024 3:58,Sell,51494.8,51498.91958,51004.52996,52209.60467,-1,18:15:00,0:00:00,22.32596558,122325.9656,148717.115,-2.76,179690.3455,-4.14,215777.262,-5.52,257511.8143,-6.9,305414.9448,-8.28,359976.1964,-9.66,421632.3649,-11.04
2/19/2024 1:58,Sell,52094.2,52098.36754,51598.22321,52817.32501,1,22:44:00,0:00:00,23.50029485,123500.2948,151572.4836,1.92,184865.4275,2.88,224063.1089,3.84,269872.3814,4.8,323006.8456,5.76,384166.5968,6.72,454013.7305,7.68
2/19/2024 20:58,Buy,51821.1,51816.95431,52314.39707,51101.88034,1,14:05:00,0:00:00,24.68589768,124685.8977,154482.6753,1.92,190189.5518,2.88,232667.1323,3.84,282826.2557,4.8,341612.0399,5.76,409982.5921,6.72,488881.985,7.68
2/21/2024 2:58,Sell,52090,52094.1672,51594.06319,52813.06671,1,4:09:00,0:00:00,25.88288229,125882.8823,157448.7427,1.92,195667.0109,2.88,241601.5502,3.84,296401.916,4.8,361288.8934,5.76,437533.4223,6.72,526428.1214,7.68
2/22/2024 10:58,Sell,51710,51714.1368,51217.68109,52427.79189,1,2:18:00,0:01:00,27.09135796,127091.358,160471.7585,1.92,201302.2208,2.88,250879.0497,3.84,310629.2079,4.8,382099.1336,5.76,466935.6683,6.72,566857.8011,7.68
2/24/2024 7:58,Sell,51099.5,51103.58796,50612.99352,51808.81747,-1,18:04:00,0:02:00,25.33749723,125337.4972,156042.738,-2.76,192968.3088,-4.14,237030.5262,-5.52,289195.7926,-6.9,350461.3254,-8.28,421829.6828,-9.66,504276.6999,-11.04
2/25/2024 10:58,Sell,51617.9,51622.02943,51126.45795,52334.41344,1,22:15:00,0:08:00,26.5407372,126540.7372,159038.7586,1.92,198525.7961,2.88,246132.4984,3.84,303077.1906,4.8,370647.8977,5.76,450176.6374,6.72,543005.1504,7.68
2/26/2024 19:58,Sell,54439.8,54444.15518,53921.49129,55195.48453,-1,5:46:00,0:00:00,24.79447503,124794.475,154649.2888,-2.76,190306.8282,-4.14,232545.9844,-5.52,282164.8645,-6.9,339958.2518,-8.28,406689.5743,-9.66,483057.3818,-11.04
2/27/2024 4:58,Sell,55712.5,55716.957,55182.07421,56485.85101,-1,1:43:00,0:00:00,23.07231127,123072.3113,150380.9685,-2.76,182428.1255,-4.14,219709.4461,-5.52,262695.4888,-6.9,311809.7085,-8.28,367403.3614,-9.66,429727.8469,-11.04
2/28/2024 15:58,Sell,60881.6,60886.47053,60301.96041,61726.70382,-1,0:36:00,0:00:00,21.37391337,121373.9134,146230.4537,-2.76,174875.6011,-4.14,207581.4847,-5.52,244569.5001,-6.9,285991.8647,-8.28,331912.1967,-9.66,382285.8926,-11.04
2/29/2024 18:58,Buy,60973,60968.12216,61553.41613,60126.76207,1,0:51:00,0:00:00,22.53910294,122539.1029,149038.0784,1.92,179912.0184,2.88,215552.6137,3.84,256308.8361,4.8,302464.9961,5.76,354216.6963,6.72,411645.4491,7.68
3/1/2024 0:58,Buy,61603.9,61598.97169,62190.32182,60748.90588,1,7:40:00,0:00:00,23.71547833,123715.4783,151899.6095,1.92,185093.4845,2.88,223829.8341,3.84,268611.6602,4.8,319886.9798,5.76,378020.0583,6.72,443259.8196,7.68
3/1/2024 10:58,Buy,62075,62070.034,62665.90633,61213.46753,1,2:23:00,0:00:00,24.90314692,124903.1469,154816.082,1.92,190424.1769,2.88,232424.8997,3.84,281505.0199,4.8,338312.4699,5.76,403423.0062,6.72,477302.1738,7.68
3/1/2024 13:58,Buy,62483.4,62478.40133,63078.19398,61616.19939,-1,0:42:00,0:00:00,23.1794835,123179.4835,150543.1582,-2.76,182540.616,-4.14,219595.0452,-5.52,262081.1735,-6.9,310300.1974,-8.28,364452.3438,-9.66,424608.0138,-11.04
3/1/2024 21:58,Buy,62666.4,62661.38669,63262.936,61796.65955,-1,11:33:00,0:00:00,21.47960662,121479.6066,146388.167,-2.76,174983.4345,-4.14,207473.3987,-5.52,243997.5726,-6.9,284607.341,-8.28,329246.2474,-9.66,377731.2891,-11.04
3/2/2024 18:58,Sell,62082.3,62087.26658,61491.22882,62944.07086,1,12:30:00,0:00:00,22.64581085,122645.8108,149198.8198,1.92,180022.9574,2.88,215440.3772,3.84,255709.456,4.8,301000.7239,5.76,351371.5952,6.72,406741.0521,7.68
3/3/2024 21:58,Sell,62862.6,62867.62901,62264.09977,63735.20229,-1,2:30:00,0:00:00,20.95329866,120953.2987,145080.9324,-2.76,172570.0069,-4.14,203548.0684,-5.52,238065.5036,-6.9,276077.8639,-8.28,317429.0991,-9.66,361836.8399,-11.04
3/4/2024 10:58,Sell,65151.9,65157.11215,64531.60388,66056.2803,-1,3:40:00,0:00:00,19.28414314,119284.1431,141076.6987,-2.76,165425.6086,-4.14,192312.215,-5.52,221638.9838,-6.9,253218.6168,-8.28,286765.4481,-9.66,321890.0528,-11.04
3/4/2024 23:58,Buy,68320,68314.5344,68970.35393,67371.79383,-1,4:52:00,0:00:00,17.63802196,117638.022,137182.9818,-2.76,158576.9884,-4.14,181696.5808,-5.52,206345.8939,-6.9,232252.1153,-8.28,259063.9059,-9.66,286353.391,-11.04
3/5/2024 12:58,Sell,67388.6,67393.99109,66747.00877,68324.02817,-1,1:45:00,0:00:00,16.01461726,116014.6173,133396.7315,-2.76,152011.9011,-4.14,171666.9295,-5.52,192108.0273,-6.9,213021.6402,-8.28,234038.3325,-9.66,254739.9766,-11.04
3/5/2024 22:58,Buy,63351.6,63346.53187,63954.65858,62472.34973,1,0:41:00,0:00:00,17.12835758,117128.3576,135957.9487,1.92,156389.8439,2.88,178258.9396,3.84,201329.2126,4.8,225291.6867,5.76,249765.7085,6.72,274304.0068,7.68
3/7/2024 16:58,Sell,67310.1,67315.48481,66669.25615,68244.4385,-1,21:33:00,0:00:00,15.51198625,115511.9862,132205.5093,-2.76,149915.3043,-4.14,168419.0461,-5.52,187437.4969,-6.9,206637.535,-8.28,225638.3411,-9.66,244020.8445,-11.04
3/8/2024 17:58,Sell,68505.5,68510.98044,67853.27503,69456.43197,1,3:58:00,0:00:00,16.62090132,116620.9013,134743.8551,1.92,154232.8651,2.88,174886.3375,3.84,196434.4968,4.8,218539.857,5.76,240801.2376,6.72,262761.6453,7.68
3/8/2024 22:58,Buy,68286.5,68281.03708,68936.53504,67338.75877,1,26:13:00,0:00:00,17.74046197,117740.462,137330.9371,1.92,158674.7716,2.88,181601.9729,3.84,205863.3526,4.8,231127.7528,5.76,256983.0807,6.72,282941.7397,7.68
3/10/2024 3:58,Sell,69200.2,69205.73602,68541.36095,70160.77517,1,18:57:00,0:00:00,18.8707704,118870.7704,139967.6911,1.92,163244.605,2.88,188575.4886,3.84,215744.7935,4.8,244440.7113,5.76,274252.3438,6.72,304671.6653,7.68
3/11/2024 10:58,Sell,71580.1,71585.82641,70898.60247,72573.71081,-1,4:08:00,0:00:00,17.23035377,117230.3538,136104.5829,-2.76,156486.2784,-4.14,178166.1217,-5.52,200858.4028,-6.9,224201.0204,-8.28,247759.5674,-9.66,271035.9134,-11.04
3/12/2024 19:58,Sell,71402.5,71408.2122,70722.69336,72393.64553,1,0:34:00,0:01:00,18.35576517,118355.7652,138717.7908,1.92,160993.0832,2.88,185007.7007,3.84,210499.6061,4.8,237114.9992,5.76,264409.0103,6.72,291851.4716,7.68
3/13/2024 2:58,Buy,72043.1,72037.33655,72728.89498,71043.22131,1,3:36:00,0:02:00,19.49198051,119491.9805,141381.1724,1.92,165629.684,2.88,192111.9964,3.84,220603.5872,4.8,250772.8232,5.76,282177.2958,6.72,314265.6646,7.68
3/13/2024 5:58,Buy,72249.9,72244.12001,72937.66356,71247.15115,1,1:11:00,0:00:00,20.63910353,120639.1035,144095.6909,1.92,170399.8189,2.88,199489.0971,3.84,231192.5594,4.8,265217.3378,5.76,301139.6101,6.72,338401.2676,7.68
3/13/2024 21:58,Buy,73290.5,73284.63676,73988.16927,72273.30877,-1,15:36:00,0:00:00,18.9742839,118974.2839,140118.6499,-2.76,163345.2664,-4.14,188477.2989,-5.52,215240.2728,-6.9,243257.3422,-8.28,272049.5237,-9.66,301041.7677,-11.04
3/14/2024 18:58,Sell,70040.1,70045.70321,69373.26446,71012.33391,1,0:31:00,0:01:00,20.11643702,120116.437,142808.9279,1.92,168049.6101,2.88,195714.8272,3.84,225571.8059,4.8,257268.9651,5.76,290331.2517,6.72,324161.7755,7.68
3/15/2024 6:58,Buy,68558.7,68553.2153,69211.32617,67607.18093,-1,1:43:00,0:03:00,18.45883019,118458.8302,138867.4015,-2.76,161092.3562,-4.14,184911.3688,-5.52,210007.3513,-6.9,235967.0948,-8.28,262285.2528,-9.66,288374.3154,-11.04
3/15/2024 22:58,Buy,69168.8,69163.2665,69827.23385,68208.81342,1,1:08:00,0:00:00,19.59603496,119596.035,141533.6556,1.92,165731.8161,2.88,192011.9653,3.84,220087.7041,4.8,249558.7995,5.76,279910.8218,6.72,310521.4629,7.68
3/16/2024 21:58,Sell,66357.6,66362.90861,65725.82469,67278.71675,1,1:12:00,0:00:00,20.7441569,120744.1569,144251.1018,1.92,170504.8924,2.88,199385.2248,3.84,230651.9139,4.8,263933.3863,5.76,298720.829,6.72,334369.5112,7.68
3/17/2024 4:58,Sell,66403.9,66409.21231,65771.68387,67325.65944,1,1:36:00,0:00:00,21.9033008,121903.3008,147020.723,1.92,175415.4333,2.88,207041.6174,3.84,241723.2058,4.8,279135.9494,5.76,318794.8687,6.72,360049.0897,7.68
3/17/2024 11:58,Sell,66965,66970.3572,66327.44177,67894.54813,-1,3:48:00,0:00:00,20.22103525,120221.0353,142962.951,-2.76,168153.2343,-4.14,195612.9201,-5.52,225044.3046,-6.9,256023.4928,-8.28,287999.2844,-9.66,320299.6702,-11.04
3/17/2024 20:58,Buy,68286.6,68281.13707,68936.63599,67338.85738,1,1:28:00,0:13:00,21.37515719,121375.1572,145707.8397,1.92,172996.0475,2.88,203124.4563,3.84,235846.4312,4.8,270770.446,5.76,307352.8363,6.72,344898.6848,7.68
3/19/2024 2:58,Buy,65876.5,65871.22988,66503.59369,64962.20691,-1,0:42:00,0:00:00,19.70018002,119700.18,141686.3033,-2.76,165834.0111,-4.14,191911.9863,-5.52,219573.0275,-6.9,248350.653,-8.28,277662.5523,-9.66,306821.87,-11.04
3/19/2024 11:58,Sell,63193.3,63198.35546,62591.65125,64070.49277,1,2:25:00,0:00:00,20.84930175,120849.3018,144406.6803,1.92,170610.0306,2.88,199281.4066,3.84,230112.5328,4.8,262655.6507,5.76,296321.4758,6.72,330385.7897,7.68
3/21/2024 10:58,Sell,67002.4,67007.76019,66364.48569,67932.46728,1,4:15:00,0:00:00,22.00945505,122009.455,147179.2886,1.92,175523.5995,2.88,206933.8126,3.84,241157.9344,4.8,277784.6161,5.76,316234.279,6.72,355759.4183,7.68
3/21/2024 20:58,Sell,65359.8,65365.02878,64737.52451,66267.06618,-1,7:56:00,0:00:00,20.32572457,120325.7246,143117.1402,-2.76,168256.9225,-4.14,195511.0661,-5.52,224518.0369,-6.9,254784.0499,-8.28,285686.0477,-9.66,316483.5785,-11.04
3/22/2024 3:58,Buy,66033.7,66028.4173,66662.29011,65117.22515,1,2:11:00,0:00:00,21.48085152,121480.8515,145864.9893,1.92,173102.7219,2.88,203018.6911,3.84,235294.9027,4.8,269459.6112,5.76,304884.1501,6.72,340789.5174,7.68
3/22/2024 18:58,Sell,63795.5,63800.60364,63188.11785,64681.05197,1,2:11:00,0:00:00,22.6470677,122647.0677,148665.5971,1.92,178088.0803,2.88,210814.6088,3.84,246589.058,4.8,284980.4848,5.76,325372.365,6.72,366962.1523,7.68
3/24/2024 10:58,Sell,65180.5,65185.71444,64559.93158,66085.2773,-1,7:19:00,0:17:00,20.95453816,120954.5382,144562.4266,-2.76,170715.2337,-4.14,199177.6424,-5.52,229574.413,-6.9,261384.1007,-8.28,293941.3945,-9.66,326449.5307,-11.04
3/24/2024 18:58,Sell,65699.8,65705.05598,65074.28745,66611.78576,-1,2:59:00,0:00:00,19.28536554,119285.3655,140572.5037,-2.76,163647.6231,-4.14,188183.0365,-5.52,213733.7785,-6.9,239741.4971,-8.28,265546.6558,-9.66,290409.5025,-11.04
3/24/2024 20:58,Sell,66172,66177.29376,65541.99174,67090.54041,-1,1:12:00,0:00:00,17.63922749,117639.2275,136692.7026,-2.76,156872.6115,-4.14,177795.3329,-5.52,198986.1478,-6.9,219890.9012,-8.28,239894.8488,-9.66,258348.2934,-11.04
3/25/2024 9:58,Buy,66980,66974.6416,67617.59816,66050.39155,1,3:08:00,0:47:00,18.76856408,118768.5641,139317.2025,1.92,161390.5427,2.88,184622.6737,3.84,208537.4829,4.8,232556.6171,5.76,256015.7827,6.72,278189.4423,7.68
3/25/2024 19:58,Sell,70996.9,71002.57975,70320.95499,71982.41535,1,1:17:00,0:00:00,19.90874229,119908.7423,141992.0927,1.92,166038.5903,2.88,191712.1844,3.84,218547.282,4.8,245951.8782,5.76,273220.0433,6.72,299554.3915,7.68
3/26/2024 2:58,Sell,70521.5,70527.14172,69850.08116,71500.41628,-1,4:31:00,0:00:00,18.25400165,118254.0016,138073.111,-2.76,159164.5927,-4.14,181129.6718,-5.52,203467.5196,-6.9,225587.0627,-8.28,246826.9871,-9.66,266483.5867,-11.04
3/27/2024 2:58,Sell,70574.7,70580.34598,69902.77465,71554.35475,1,4:28:00,0:00:00,19.38924006,119389.2401,140724.1147,1.92,163748.5329,2.88,188085.0512,3.84,213233.9605,4.8,238580.8775,5.76,263413.7606,6.72,286949.5262,7.68
3/28/2024 1:58,Buy,69478.8,69473.2417,70140.18482,68514.51096,1,4:16:00,0:02:00,20.53537677,120535.3768,143426.0177,1.92,168464.4907,2.88,195307.5171,3.84,223469.1906,4.8,252323.136,5.76,281115.1653,6.72,308987.2498,7.68
3/28/2024 14:58,Sell,71467.9,71473.61743,70787.4707,72459.95335,1,1:21:00,0:00:00,21.69251639,121692.5164,146179.7973,1.92,173316.268,2.88,202807.3258,3.84,234195.7118,4.8,266856.9487,5.76,300006.1045,6.72,332717.4705,7.68
3/28/2024 22:58,Buy,70893.9,70888.22849,71568.75548,69909.97093,-1,8:42:00,0:00:00,20.01315966,120013.1597,142145.2349,-2.76,166140.9745,-4.14,191612.3614,-5.52,218036.2077,-6.9,244761.1933,-8.28,271025.5148,-9.66,295985.4618,-11.04
3/30/2024 2:58,Buy,69991.2,69985.6007,70657.46247,69019.79941,1,33:15:00,0:00:00,21.16528599,121165.286,144874.4234,1.92,170925.8346,2.88,198970.2761,3.84,228501.9456,4.8,258859.4381,5.76,289238.4294,6.72,318717.1453,7.68
3/30/2024 19:58,Sell,69946.2,69951.7957,69280.25846,70917.13048,-1,22:40:00,0:00:00,19.49320505,119493.205,140875.8893,-2.76,163849.505,-4.14,187987.1169,-5.52,212735.3114,-6.9,237425.8766,-8.28,261297.9971,-9.66,283530.7724,-11.04
3/31/2024 10:58,Sell,70333.6,70339.22669,69663.97011,71309.90802,-1,7:48:00,0:02:00,17.84419882,117844.1988,136987.7147,-2.76,157066.1355,-4.14,177610.228,-5.52,198056.5749,-6.9,217767.014,-8.28,236056.6106,-9.66,252228.9752,-11.04
4/1/2024 8:58,Buy,69475.6,69470.04195,70136.95435,68511.35537,1,4:40:00,0:00:00,18.97550312,118975.5031,139617.8789,1.92,161589.6402,2.88,184430.4608,3.84,207563.2905,4.8,230310.394,5.76,251919.6148,6.72,271600.1604,7.68
4/3/2024 18:58,Sell,66022.5,66027.7818,65393.91509,66938.96519,1,9:18:00,0:01:00,20.11766795,120117.668,142298.5421,1.92,166243.4219,2.88,191512.5905,3.84,217526.3284,4.8,243576.2727,5.76,268848.6129,6.72,292459.0528,7.68
4/4/2024 2:58,Buy,65806,65800.73552,66432.42258,64892.68537,1,5:21:00,0:00:00,21.27079757,121270.7976,145030.6741,1.92,171031.2324,2.88,198866.6739,3.84,227967.5922,4.8,257606.266,5.76,286915.2397,6.72,314919.908,7.68
4/5/2024 4:58,Buy,67679.8,67674.38562,68324.05972,66740.47909,-1,0:20:00,0:00:00,19.59726056,119597.2606,141027.8275,-2.76,163950.5394,-4.14,187889.2335,-5.52,212237.8283,-6.9,236276.4672,-8.28,259199.2275,-9.66,280152.7502,-11.04
4/5/2024 21:58,Buy,67556.9,67551.49545,68199.9898,66619.28481,1,7:31:00,0:01:00,20.74539426,120745.3943,143735.5618,1.92,168672.3149,2.88,195104.1801,3.84,222425.2441,4.8,249885.9917,5.76,276617.4156,6.72,301668.4814,7.68
4/6/2024 10:58,Sell,67850.7,67856.12806,67204.70923,68792.54262,-1,11:50:00,0:02:00,19.07910782,119079.1078,139768.4603,-2.76,161689.2811,-4.14,184334.4294,-5.52,207077.9023,-6.9,229195.4316,-8.28,249896.1733,-9.66,268364.281,-11.04
4/7/2024 3:58,Sell,69400,69405.552,68739.2587,70363.34862,-1,12:49:00,0:00:00,17.43581613,117435.8161,135910.8508,-2.76,154995.3449,-4.14,174159.1689,-5.52,192789.527,-6.9,210218.0499,-8.28,225756.2029,-9.66,238736.8644,-11.04
4/8/2024 11:58,Sell,72396.5,72402.29172,71707.22972,73401.44335,1,2:09:00,0:00:00,18.56319997,118563.2,138520.3391,1.92,159459.2108,2.88,180846.8809,3.84,202043.4243,4.8,222326.6095,5.76,240927.0198,6.72,257071.8556,7.68
4/10/2024 22:58,Buy,70601.8,70596.15186,71273.87491,69621.92496,1,8:24:00,0:00:00,19.70140669,119701.4067,141179.9297,1.92,164051.6361,2.88,187791.4012,3.84,211741.5087,4.8,235132.6222,5.76,257117.3155,6.72,276814.9741,7.68
4/11/2024 6:58,Sell,70766.2,70771.8613,70092.45143,71748.51298,1,4:57:00,0:01:00,20.85054019,120850.5402,143890.5843,1.92,168776.3232,2.88,195002.591,3.84,221905.1011,4.8,248676.2613,5.76,274395.5991,6.72,298074.3641,7.68
4/11/2024 23:58,Buy,70080.7,70075.09354,70747.81444,69108.05725,1,2:23:00,0:00:00,22.01070538,122010.7054,146653.2835,1.92,173637.0813,2.88,202490.6905,3.84,232556.5459,4.8,263000.0139,5.76,292834.9834,6.72,320966.4753,7.68
4/12/2024 11:58,Sell,70997.7,71003.37982,70321.74737,71983.22646,1,1:04:00,0:00:00,23.18200815,123182.0081,149469.0266,1.92,178637.8292,2.88,210266.333,3.84,243719.2601,4.8,278148.8147,5.76,312513.4943,6.72,345616.7006,7.68
4/12/2024 23:58,Buy,67204,67198.62368,67843.73047,66271.28267,-1,1:34:00,0:00:00,21.48209644,121482.0964,145343.6814,-2.76,171242.2231,-4.14,198659.6314,-5.52,226902.6312,-6.9,255118.0929,-8.28,282324.6907,-9.66,307460.6168,-11.04
4/13/2024 2:58,Sell,66512,66517.32096,65878.75468,67435.25999,-1,1:32:00,0:00:00,19.80564351,119805.6435,141332.1958,-2.76,164152.7951,-4.14,187693.6197,-5.52,211246.3496,-6.9,233994.3148,-8.28,255052.1256,-9.66,273516.9647,-11.04
4/13/2024 22:58,Buy,64458.5,64453.34332,65072.09542,63563.88718,1,0:07:00,0:00:00,20.95577768,120955.7777,144045.774,1.92,168880.3956,2.88,194901.0547,3.84,221386.1744,4.8,247472.3873,5.76,272191.6284,6.72,294523.0676,7.68
4/14/2024 2:58,Sell,63079.6,63084.64637,62479.03376,63955.21449,1,0:09:00,0:00:00,22.11695315,122116.9531,146811.4529,1.92,173744.151,2.88,202385.2552,3.84,232012.7108,4.8,261726.7968,5.76,290482.9059,6.72,317142.4392,7.68
4/14/2024 7:58,Sell,64402.5,64407.6522,63789.33874,65296.4778,1,6:38:00,0:00:00,23.2892759,123289.2759,149630.2327,1.92,178747.9825,2.88,210156.849,3.84,243149.3209,4.8,276802.2603,5.76,310003.3571,6.72,341498.9786,7.68
4/15/2024 9:58,Buy,66576.9,66571.57385,67210.66096,65652.88613,-1,3:59:00,0:01:00,21.58788389,121587.8839,145500.4383,-2.76,171347.816,-4.14,198556.191,-5.52,226372.0178,-6.9,253883.0332,-8.28,280057.0328,-9.66,303797.4913,-11.04
4/15/2024 22:58,Sell,63385.2,63390.27082,62781.72422,64265.05655,1,3:29:00,0:00:00,22.75512758,122755.1276,148294.0467,1.92,176282.6331,2.88,206180.7487,3.84,237237.8746,4.8,268506.6959,5.76,298876.8654,6.72,327129.1387,7.68
4/17/2024 14:58,Buy,61214.1,61209.20287,61796.81122,60364.51587,-1,0:32:00,0:00:00,21.06110682,121061.1068,144201.131,-2.76,168984.5321,-4.14,194799.5714,-5.52,220868.4613,-6.9,246274.3415,-8.28,270005.3602,-9.66,291014.0818,-11.04
4/17/2024 18:58,Sell,61408.9,61413.81271,60824.24011,62261.32333,1,0:41:00,0:00:00,22.22329344,122223.2934,146969.7928,1.92,173851.2866,2.88,202279.8749,3.84,231470.1474,4.8,260459.7435,5.76,288149.7204,6.72,313363.9632,7.68
4/18/2024 17:58,Buy,62727.1,62722.08183,63324.21382,61856.5171,1,1:04:00,0:00:00,23.39663706,123396.6371,149791.6128,1.92,178858.2037,2.88,210047.4221,3.84,242580.7145,4.8,275462.2248,5.76,307513.3817,6.72,337430.3156,7.68
4/19/2024 17:58,Sell,64628.5,64633.67028,64013.18705,65525.61493,1,2:14:00,0:01:00,24.58124478,124581.2448,152667.6118,1.92,184009.32,2.88,218113.2431,3.84,254224.5888,4.8,291328.8489,5.76,328178.2809,6.72,363344.9638,7.68
4/20/2024 4:58,Buy,64088.3,64083.17294,64698.3714,63198.82515,1,10:46:00,0:02:00,25.77722473,125777.2247,155598.8299,1.92,189308.7884,2.88,226488.7917,3.84,266427.3691,4.8,308109.3906,5.76,350231.8614,6.72,391249.8571,7.68
4/20/2024 22:58,Sell,64642.4,64647.57139,64026.95471,65539.70788,-1,4:08:00,0:00:00,24.04149902,124041.499,151304.3022,-2.76,181471.4045,-4.14,213986.6104,-5.52,248043.8806,-6.9,282597.9331,-8.28,316399.4636,-9.66,348055.8729,-11.04
4/21/2024 22:58,Sell,65022.3,65027.50178,64403.23777,65924.88131,-1,4:50:00,0:00:00,22.32972634,122329.7263,147128.3035,-2.76,173958.4884,-4.14,202174.5495,-5.52,230928.8528,-6.9,259198.8242,-8.28,285835.2754,-9.66,309630.5045,-11.04
4/22/2024 17:58,Buy,66584.1,66578.77327,67217.9295,65659.9862,1,5:14:00,0:00:00,23.50409171,123504.0917,149953.1669,1.92,178968.4929,2.88,209938.0522,3.84,242013.4378,4.8,274128.6765,5.76,305043.4059,6.72,333410.1272,7.68
4/23/2024 6:58,Sell,66328.5,66333.80628,65697.00174,67249.21281,1,31:24:00,0:00:00,24.68973099,124689.731,152832.2677,1.92,184122.7855,2.88,217999.6734,3.84,253630.0828,4.8,289918.4882,5.76,325542.3228,6.72,359016.025,7.68
4/24/2024 23:58,Sell,64260,64265.1408,63648.19545,65151.99974,1,10:12:00,0:00:00,25.88675241,125886.7524,155766.6472,1.92,189425.5217,2.88,226370.8608,3.84,265804.3267,4.8,306617.7932,5.76,347418.7669,6.72,386588.4557,7.68
4/25/2024 10:58,Buy,63478.3,63473.22174,64082.56466,62597.29128,1,1:13:00,0:00:00,27.09526523,127095.2652,158757.3668,1.92,194880.9767,2.88,235063.5019,3.84,278562.9344,4.8,324278.978,5.76,370765.308,6.72,416278.4491,7.68
4/25/2024 23:58,Buy,64474.4,64469.24205,65088.14677,63579.56651,-1,15:08:00,0:00:00,25.34135057,125341.3506,154375.6635,-2.76,186812.9043,-4.14,222087.9966,-5.52,259342.092,-6.9,297428.6787,-8.28,334949.3792,-9.66,370321.3083,-11.04
4/26/2024 22:58,Sell,63807,63812.10456,63199.50836,64692.7116,1,1:42:00,0:02:00,26.54462754,126544.6275,157339.6763,1.92,192193.1159,2.88,230616.1757,3.84,271790.5124,4.8,314560.5706,5.76,357457.9775,6.72,398761.9848,7.68
4/27/2024 6:58,Buy,63023.1,63018.05815,63623.03151,62148.40895,1,10:57:00,0:00:00,27.75945596,127759.456,160360.598,1.92,197728.2776,2.88,239471.8368,3.84,284836.457,4.8,332679.2594,5.76,381479.1536,6.72,429386.9053,7.68
4/27/2024 14:58,Sell,63071.5,63076.54572,62471.01088,63947.00205,-1,11:54:00,0:00:00,25.99637547,125996.3755,155934.6455,-2.76,189542.3269,-4.14,226252.9914,-5.52,265182.7414,-6.9,305133.4167,-8.28,344628.2674,-9.66,381982.5909,-11.04
4/28/2024 10:58,Sell,63633.6,63638.69069,63027.75926,64516.90462,1,11:34:00,0:00:00,27.20594067,127205.9407,158928.5907,1.92,195001.146,2.88,234941.1063,3.84,277911.513,4.8,322709.1015,5.76,367787.2869,6.72,411318.8539,7.68
4/29/2024 6:58,Buy,62182.7,62177.72538,62774.63155,61319.67277,1,7:30:00,0:00:00,28.4271177,128427.1177,161980.0197,1.92,200617.179,2.88,243962.8448,3.84,291251.2656,4.8,341297.1458,5.76,392502.5926,6.72,442908.1419,7.68
4/30/2024 5:58,Sell,63304.5,63309.56436,62701.79254,64183.23635,1,2:32:00,0:00:00,29.66001803,129660.018,165090.0361,1.92,206394.9537,2.88,253331.018,3.84,305231.3264,4.8,360955.8614,5.76,418878.7669,6.72,476923.4872,7.68
5/2/2024 11:58,Buy,58517.2,58512.51862,59074.2388,57705.04587,1,0:21:00,0:00:00,30.90475421,130904.7542,168259.7647,1.92,212339.1284,2.88,263058.9291,3.84,319882.4301,4.8,381746.919,5.76,447027.42,6.72,513551.211,7.68
5/3/2024 2:58,Buy,59480.1,59475.34159,60046.30487,58654.58188,1,9:34:00,0:02:00,32.16143985,132161.4398,171490.3522,1.92,218454.4953,2.88,273160.392,3.84,335236.7867,4.8,403735.5415,5.76,477067.6626,6.72,552991.944,7.68
5/3/2024 7:58,Buy,59150,59145.268,59713.06257,58329.0633,1,4:28:00,0:04:00,33.43018967,133430.1897,174782.967,1.92,224745.9848,2.88,283649.751,3.84,351328.1525,4.8,426990.7087,5.76,509126.6095,6.72,595461.7253,7.68
5/3/2024 14:58,Sell,61597.2,61602.12778,61010.74735,62452.23714,-1,5:17:00,0:00:00,31.58885305,131588.8531,169958.9571,-2.76,215441.501,-4.14,267992.2848,-5.52,327086.5099,-6.9,391635.8781,-8.28,459944.9791,-9.66,529722.7508,-11.04
5/4/2024 13:58,Sell,63719,63724.09752,63112.34618,64603.49007,1,11:18:00,0:00:00,32.85210604,132852.106,173222.1691,1.92,221646.2162,2.88,278283.1885,3.84,342786.6624,4.8,414194.1046,5.76,490853.2817,6.72,570405.4581,7.68
5/5/2024 13:58,Sell,64061.9,64067.02495,63451.98151,64951.1499,-1,18:21:00,0:00:00,31.01874698,131018.747,168441.2372,-2.76,212470.0629,-4.14,262921.9565,-5.52,319134.3827,-6.9,379898.8328,-8.28,443436.8546,-9.66,507432.6955,-11.04
5/5/2024 20:58,Buy,63697.2,63692.10422,64303.54842,62813.15319,1,3:21:00,0:03:00,32.27652695,132276.5269,171675.309,1.92,218589.2007,2.88,273018.1596,3.84,334452.8331,4.8,401781.0055,5.76,473235.8113,6.72,546403.5265,7.68
5/6/2024 6:58,Buy,64194.3,64189.16446,64805.38043,63303.35399,1,1:18:00,0:02:00,33.54638161,133546.3816,174971.4749,1.92,224884.5696,2.88,283502.057,3.84,350506.5691,4.8,424923.5915,5.76,505037.2578,6.72,588367.3174,7.68
5/7/2024 7:58,Buy,63645.9,63640.80833,64251.76009,62762.56517,1,0:24:00,0:00:00,34.82842687,134828.4269,178330.9272,1.92,231361.2453,2.88,294388.5359,3.84,367330.8844,4.8,449399.1903,5.76,538975.7615,6.72,633553.9273,7.68
5/8/2024 10:58,Buy,62469.2,62464.20246,63063.85881,61602.19647,-1,9:21:00,0:00:00,32.96779458,132967.7946,173408.9936,-2.76,221782.8897,-4.14,278138.2888,-5.52,341985.0534,-6.9,412188.9374,-8.28,486910.703,-9.66,563609.5738,-11.04
5/8/2024 22:58,Sell,61219.5,61224.39756,60636.64334,62069.29425,1,12:05:00,0:00:00,34.24428541,134244.2854,176738.4463,1.92,228170.2369,2.88,288818.799,3.84,358400.3359,4.8,435931.0202,5.76,519631.1022,6.72,606894.789,7.68
5/9/2024 17:58,Sell,61964.1,61969.05713,61374.15418,62824.23012,-1,4:39:00,0:00:00,32.39171427,132391.7143,171860.4652,-2.76,218723.9891,-4.14,272876.0013,-5.52,333670.7128,-6.9,399835.9317,-8.28,469434.7377,-9.66,539893.6043,-11.04
5/10/2024 14:58,Buy,61176.4,61171.50589,61758.75234,60327.33911,-1,1:07:00,0:00:00,30.56470861,130564.7086,167117.1163,-2.76,209668.816,-4.14,257813.2461,-5.52,310647.4336,-6.9,366729.5165,-8.28,424087.3421,-9.66,480289.3504,-11.04
5/11/2024 2:58,Sell,60847,60851.86776,60267.68983,61691.62354,-1,37:17:00,0:01:00,28.76291563,128762.9156,162504.6839,-2.76,200988.527,-4.14,243581.9549,-5.52,289212.7607,-6.9,336364.3126,-8.28,383120.5048,-9.66,427265.4061,-11.04
5/12/2024 3:58,Buy,60902.9,60898.02777,61482.64883,60057.63498,1,11:43:00,0:00:00,29.99903962,129999.0396,165624.7739,1.92,206776.9966,2.88,252935.5019,3.84,303094.9732,4.8,355738.897,5.76,408866.2027,6.72,460079.3893,7.68
5/12/2024 22:58,Sell,61306,61310.90448,60722.3198,62156.99496,-1,8:49:00,0:06:00,28.20505288,128205.0529,161053.5301,-2.76,198216.4289,-4.14,238973.4622,-5.52,282181.42,-6.9,326283.7163,-8.28,369369.7276,-9.66,409286.6247,-11.04
5/13/2024 12:58,Sell,62820,62825.0256,62221.90535,63692.01095,1,17:10:00,0:01:00,29.43582139,129435.8214,164145.7579,1.92,203925.0621,2.88,248150.0432,3.84,295726.1282,4.8,345077.6584,5.76,394191.3732,6.72,440719.8375,7.68
5/14/2024 6:58,Sell,62031.9,62036.86255,61441.30867,62892.97126,1,5:32:00,0:00:00,30.67840527,130678.4053,167297.3564,1.92,209798.1038,2.88,257679.0048,3.84,309920.9823,4.8,364954.1315,5.76,420681.0335,6.72,474567.121,7.68
5/15/2024 13:58,Buy,64099.9,64094.77201,64710.08182,63210.26415,1,1:15:00,0:00:00,31.93291796,131932.918,170509.4657,1.92,215840.2892,2.88,267573.8786,3.84,324797.1895,4.8,385975.4895,5.76,448950.799,6.72,511013.8759,7.68
5/15/2024 20:58,Buy,65792.2,65786.93662,66418.49122,64879.0769,1,2:38:00,0:07:00,33.19947397,133199.474,173783.2474,1.92,222056.4896,2.88,277848.7156,3.84,340387.4546,4.8,408207.6777,5.76,479120.2927,6.72,550259.7416,7.68
5/16/2024 5:58,Sell,65780,65785.2624,65153.72388,66693.09902,-1,6:14:00,0:18:00,31.36132123,131361.3212,168986.8298,-2.76,212863.3509,-4.14,262511.4665,-5.52,316900.7202,-6.9,374408.0819,-8.28,432837.2724,-9.66,489511.0661,-11.04
5/17/2024 2:58,Buy,65365.5,65360.27076,65987.72936,64458.29902,1,3:53:00,0:00:00,32.62238992,132622.3899,172231.3769,1.92,218993.8154,2.88,272591.9068,3.84,332111.9548,4.8,395973.9875,5.76,461923.9371,6.72,527105.516,7.68
5/17/2024 18:58,Buy,66785.4,66780.05717,67421.14572,65858.49238,1,39:34:00,0:00:00,33.89556486,133895.5649,175538.2194,1.92,225300.8373,2.88,283059.436,3.84,348053.3286,4.8,418782.0891,5.76,492965.2257,6.72,567587.2196,7.68
5/18/2024 14:58,Sell,66761.2,66766.5409,66125.5821,67687.91916,-1,19:35:00,0:00:00,32.04780606,132047.8061,170693.3645,-2.76,215973.3826,-4.14,267434.5551,-5.52,324037.6489,-6.9,384106.9322,-8.28,445344.7849,-9.66,504925.5906,-11.04
5/18/2024 19:58,Sell,66914.6,66919.95317,66277.52162,67843.44852,1,22:46:00,0:20:00,33.315465,133315.465,173970.6771,1.92,222193.416,2.88,277704.0421,3.84,339591.4561,4.8,406231.4915,5.76,475271.9544,6.72,543703.8759,7.68
5/19/2024 12:58,Sell,66844.8,66850.14758,66208.38617,67772.67962,1,6:12:00,0:00:00,34.59529347,134595.2935,177310.9141,1.92,228592.5864,2.88,288367.8773,3.84,355891.846,4.8,429630.4254,5.76,507210.2298,6.72,585460.3336,7.68
5/20/2024 3:58,Buy,66640,66634.6688,67274.36162,65715.11037,1,6:25:00,0:02:00,35.88740828,135887.4083,180715.2837,1.92,235176.0529,2.88,299441.2038,3.84,372974.6546,4.8,454377.1379,5.76,541294.7572,6.72,630423.6872,7.68
5/20/2024 14:58,Sell,66927.9,66933.25423,66290.69499,67856.93314,-1,1:06:00,0:00:00,34.01216205,134012.162,175727.5418,-2.76,225439.7643,-4.14,282912.0493,-5.52,347239.4034,-6.9,416754.7108,-8.28,489005.6837,-9.66,560824.9122,-11.04
5/20/2024 23:58,Sell,71444.1,71449.81553,70763.8973,72435.82298,1,1:26:00,0:00:00,35.29867881,135298.6788,179101.5106,1.92,231932.4295,2.88,293775.872,3.84,363906.8948,4.8,440759.7822,5.76,521866.8656,6.72,603896.2654,7.68
5/21/2024 19:58,Sell,69436.8,69442.35494,68775.70834,70400.65944,-1,6:26:00,0:00:00,33.43155704,133431.557,174158.3089,-2.76,222330.427,-4.14,277559.4439,-5.52,338797.319,-6.9,404264.8722,-8.28,471454.5264,-9.66,537226.1177,-11.04
5/21/2024 23:58,Buy,70150.5,70144.88796,70818.27888,69176.88851,-1,21:06:00,0:05:00,31.59020155,131590.2016,169351.5396,-2.76,213125.9473,-4.14,262238.1626,-5.52,315420.304,-6.9,370791.7408,-8.28,425912.0191,-9.66,477916.3543,-11.04
5/23/2024 2:58,Sell,69523.9,69529.46191,68861.97908,70488.96849,1,10:38:00,0:01:00,32.85346749,132853.4675,172603.0892,1.92,219263.9746,2.88,272308.108,3.84,330560.4786,4.8,392149.3451,5.76,454533.3068,6.72,514620.3303,7.68
5/24/2024 10:58,Buy,67378.1,67372.70975,68019.48777,66442.96636,1,3:32:00,0:01:00,34.12886077,134128.8608,175917.0685,1.92,225578.777,2.88,282764.7394,3.84,346427.3816,4.8,414737.1474,5.76,485077.945,6.72,554143.1717,7.68
5/25/2024 11:58,Buy,69126.3,69120.7699,69784.32929,68166.90327,-1,33:33:00,0:01:00,32.2778825,132277.8825,171061.7574,-2.76,216239.8157,-4.14,267156.1257,-5.52,322523.8923,-6.9,380396.9116,-8.28,438219.4155,-9.66,492965.7655,-11.04
5/25/2024 22:58,Sell,69132.4,69137.93059,68474.20646,70092.03403,1,22:34:00,0:00:00,33.54775017,133547.7502,174346.1431,1.92,222467.5223,2.88,277414.921,3.84,338005.0391,4.8,402307.7737,5.76,467667.7603,6.72,530825.5363,7.68
5/27/2024 1:58,Buy,69153.9,69148.36769,69812.19202,68194.12021,1,13:08:00,0:00:00,34.82980857,134829.8086,177693.5891,1.92,228874.587,2.88,288067.6539,3.84,354229.281,4.8,425480.7014,5.76,499095.0338,6.72,571592.9375,7.68
5/27/2024 10:58,Sell,68608.3,68613.78866,67955.09629,69560.65895,-1,4:01:00,0:01:00,32.96915721,132969.1572,172789.246,-2.76,219399.1791,-4.14,272166.3194,-5.52,329787.4606,-6.9,390250.8993,-8.28,450882.4535,-9.66,508489.0772,-11.04
5/29/2024 16:58,Buy,67646.6,67641.18827,68290.54368,66707.73987,1,11:32:00,0:00:00,34.24566112,134245.6611,176106.7995,1.92,225717.8754,2.88,282617.5061,3.84,345617.2587,4.8,412729.3511,5.76,481181.7544,6.72,547541.0384,7.68
6/1/2024 2:58,Sell,67769,67774.42152,67123.78707,68709.70854,-1,46:58:00,0:04:00,32.393071,132393.071,171246.2519,-2.76,216373.1554,-4.14,267017.0198,-5.52,321769.6678,-6.9,378555.3609,-8.28,434699.5969,-9.66,487092.5077,-11.04
6/2/2024 1:58,Buy,67756.8,67751.37946,68401.7927,66816.41042,1,12:26:00,0:04:00,33.66404448,133664.0445,174534.1799,1.92,222604.7023,2.88,277270.4733,3.84,337214.6119,4.8,400360.1497,5.76,463911.4098,6.72,524501.2123,7.68
6/3/2024 4:58,Sell,68589.9,68595.38719,67936.87147,69542.00354,-1,7:32:00,0:00:00,31.81948066,131819.4807,169717.0366,-2.76,213388.8676,-4.14,261965.1432,-5.52,313946.8037,-6.9,367210.3293,-8.28,419097.5676,-9.66,466596.2785,-11.04
6/4/2024 3:58,Buy,69234.2,69228.66126,69893.25641,68273.30574,1,10:04:00,0:00:00,33.08494768,133084.9477,172975.6037,1.92,219534.467,2.88,272024.6047,3.84,329016.2503,4.8,388361.6442,5.76,447260.9242,6.72,502430.8727,7.68
6/5/2024 2:58,Sell,70903.8,70909.4723,70228.74137,71888.02302,1,41:03:00,0:00:00,34.36256318,134362.5632,176296.7352,1.92,225857.0596,2.88,282470.3495,3.84,344809.0303,4.8,410731.2749,5.76,477316.8583,6.72,541017.5637,7.68
6/6/2024 1:58,Buy,71171.4,71165.70629,71848.89707,70183.61954,-1,18:03:00,0:01:00,32.5083598,132508.3598,171430.9454,-2.76,216506.5774,-4.14,266877.9862,-5.52,321017.2072,-6.9,376722.7254,-8.28,431208.0498,-9.66,481289.2246,-11.04
6/6/2024 10:58,Sell,71059.9,71065.58479,70383.35518,72046.28986,1,9:01:00,0:02:00,33.78044006,133780.4401,174722.4195,1.92,222741.9668,2.88,277126.1009,3.84,336426.0331,4.8,398421.9544,5.76,460185.2307,6.72,518252.2371,7.68
6/7/2024 19:58,Sell,69302.8,69308.34422,68642.98412,70264.79937,1,77:59:00,0:00:00,35.06473228,135064.7323,178077.09,1.92,229156.9354,2.88,287767.7432,3.84,352574.4827,4.8,421371.0589,5.76,491109.6782,6.72,558054.0089,7.68
6/8/2024 1:58,Buy,69480.1,69474.54159,70141.49719,68515.79292,1,61:48:00,0:03:00,36.36135371,136361.3537,181496.1701,1.92,235756.6552,2.88,298818.0245,3.84,369498.0579,4.8,445642.0319,5.76,524112.2486,6.72,600912.5568,7.68
6/10/2024 8:58,Sell,69457.4,69462.95659,68796.11221,70421.54539,1,16:40:00,0:15:00,37.67042271,137670.4227,184980.8966,1.92,242546.4469,2.88,310292.6367,3.84,387233.9647,4.8,471311.013,5.76,559332.5917,6.72,647062.6412,7.68
6/11/2024 14:58,Buy,66906.4,66901.04749,67543.29754,65977.81303,1,4:54:00,0:00:00,38.99205877,138992.0588,188532.5298,1.92,249531.7845,2.88,322207.8739,3.84,405821.195,4.8,498458.5273,5.76,596919.7419,6.72,696757.052,7.68
6/11/2024 17:58,Sell,66776.4,66781.74211,66140.63739,67703.33015,-1,15:56:00,0:00:00,37.07396836,137073.9684,183329.0319,-2.76,239201.1686,-4.14,304421.9993,-5.52,377819.5325,-6.9,457186.1612,-8.28,539257.2948,-9.66,619835.0735,-11.04
6/13/2024 6:58,Buy,67516.5,67511.09868,68159.20523,66579.44552,1,5:30:00,0:02:00,38.38987845,138389.8785,186848.9494,1.92,246090.1623,2.88,316111.804,3.84,395954.8701,4.8,483520.0841,5.76,575495.385,6.72,667438.4071,7.68
6/13/2024 18:58,Sell,66890,66895.3512,66253.15583,67818.50705,1,21:10:00,0:00:00,39.71842128,139718.4213,190436.4492,1.92,253177.559,2.88,328250.4973,3.84,414960.7038,4.8,511370.841,5.76,614168.6749,6.72,718697.6768,7.68
6/14/2024 18:58,Sell,65497.4,65502.63979,64873.81445,66406.57622,-1,2:37:00,0:01:00,37.79030707,137790.3071,185180.4032,-2.76,242696.008,-4.14,310131.0699,-5.52,386328.4153,-6.9,469029.3353,-8.28,554839.9809,-9.66,639353.4532,-11.04
6/14/2024 19:58,Buy,65540.3,65535.05678,66164.19332,64630.67299,1,1:32:00,0:00:00,39.11309402,139113.094,188735.8669,1.92,249685.6531,2.88,322040.1029,3.84,404872.1792,4.8,496045.4251,5.76,592125.2276,6.72,688455.7985,7.68
6/16/2024 13:58,Buy,66697.1,66691.76423,67332.00517,65771.41789,-1,19:55:00,0:03:00,37.19333332,137193.3333,183526.757,-2.76,239348.667,-4.14,304263.4893,-5.52,376935.9988,-6.9,454972.8639,-8.28,534925.9306,-9.66,612450.2783,-11.04
6/16/2024 19:58,Sell,66545.4,66550.72363,65911.83669,67469.12362,1,11:11:00,0:03:00,38.51038932,138510.3893,187050.4707,1.92,246241.9086,2.88,315947.2072,3.84,395028.9268,4.8,481179.3008,5.76,570872.9531,6.72,659486.4597,7.68
6/17/2024 6:58,Sell,66089.5,66094.78716,65460.2772,67006.89522,1,6:08:00,0:00:00,39.84008906,139840.0891,190641.8398,1.92,253333.6756,2.88,328079.58,3.84,413990.3153,4.8,508895.2286,5.76,609235.6156,6.72,710135.0198,7.68
6/17/2024 14:58,Buy,65391.1,65385.86871,66013.57305,64483.54372,1,1:49:00,0:00:00,41.18255391,141182.5539,194302.1631,1.92,260629.6855,2.88,340677.8359,3.84,433861.8504,4.8,538207.5937,5.76,650176.249,6.72,764673.3893,7.68
6/18/2024 4:58,Buy,65601.4,65596.15189,66225.87495,64690.92499,-1,8:35:00,0:00:00,39.23423467,139234.2347,188939.4234,-2.76,249839.6165,-4.14,321872.4193,-5.52,403925.3827,-6.9,493644.005,-8.28,587369.2233,-9.66,680253.4471,-11.04
6/18/2024 18:58,Sell,64643.6,64648.77149,64028.14328,65540.92453,1,0:49:00,0:00:00,40.57088332,140570.8833,192567.0603,1.92,257034.9974,2.88,334232.3202,3.84,423313.8011,4.8,522077.8996,5.76,626840.4351,6.72,732496.9119,7.68
6/20/2024 20:58,Sell,65051.8,65057.00414,64432.4569,65954.7908,1,6:59:00,0:01:00,41.9203638,141920.3638,196264.3479,1.92,264437.6054,2.88,347066.8413,3.84,443632.8636,4.8,552149.5867,5.76,668964.1124,6.72,788752.6747,7.68
6/21/2024 10:58,Buy,63867.4,63862.29061,64475.3686,62980.991,1,19:46:00,0:00:00,43.2827993,143282.7993,200032.6234,1.92,272053.4084,2.88,360394.208,3.84,464927.241,4.8,583953.4029,5.76,713918.5007,6.72,849328.8801,7.68
6/21/2024 22:58,Sell,64154.1,64159.23233,63543.3037,65044.62973,1,46:08:00,0:04:00,44.65831417,144658.3142,203873.2497,1.92,279888.5466,2.88,374233.3456,3.84,487243.7486,4.8,617589.1189,5.76,761893.824,6.72,914557.3381,7.68
6/23/2024 14:58,Sell,64168.2,64173.33346,63557.26945,65058.92546,1,5:53:00,0:19:00,46.04703398,146047.034,207787.6161,1.92,287949.3367,2.88,388603.9061,3.84,510631.4485,4.8,653162.2521,5.76,813093.0889,6.72,984795.3417,7.68
6/24/2024 4:58,Buy,62838.5,62833.47292,63436.67426,61966.37099,-1,4:32:00,0:00:00,44.03158492,144031.5849,202052.6779,-2.76,276028.2342,-4.14,367152.9705,-5.52,475397.8786,-6.9,599080.4176,-8.28,734548.2965,-9.66,876073.936,-11.04
6/25/2024 6:58,Buy,61114.7,61109.81082,61696.46501,60266.49543,1,7:24:00,0:00:00,45.41428813,145414.2881,205932.0893,1.92,283977.8473,2.88,381251.6446,3.84,498216.9767,4.8,633587.4497,5.76,783909.9421,6.72,943356.4142,7.68
6/25/2024 14:58,Sell,61789.7,61794.64318,61201.4146,62647.40925,1,3:03:00,0:00:00,46.8102653,146810.2653,209885.9855,1.92,292156.4093,2.88,395891.7077,3.84,522131.3916,4.8,670082.0868,5.76,836588.6902,6.72,1015806.187,7.68
6/26/2024 15:58,Sell,61381.3,61386.2105,60796.90288,62233.34021,1,3:07:00,0:00:00,48.21964384,148219.6438,213915.7964,1.92,300570.5139,2.88,411093.9493,3.84,547193.6984,4.8,708678.815,5.76,892807.4502,6.72,1093820.102,7.68
6/27/2024 10:58,Sell,61125,61129.89,60543.04306,61973.48248,-1,2:59:00,0:02:00,46.17421276,146174.2128,208011.7204,-2.76,288126.8946,-4.14,388401.5633,-5.52,509437.3332,-6.9,650000.2091,-8.28,806562.2505,-9.66,973062.3627,-11.04
6/28/2024 10:58,Buy,61550.1,61545.17599,62136.00968,60695.85256,-1,5:43:00,0:00:00,44.15700862,144157.0086,202270.5969,-2.76,276198.4412,-4.14,366961.797,-5.52,474286.1572,-6.9,596180.1918,-8.28,728648.3371,-9.66,865636.2779,-11.04
6/28/2024 18:58,Sell,60837.3,60842.16698,60258.08218,61681.78889,1,0:17:00,0:02:00,45.54091591,145540.9159,206154.1924,1.92,284152.9563,2.88,381053.13,3.84,497051.8928,4.8,630520.1708,5.76,777613.5053,6.72,932117.144,7.68
6/29/2024 5:58,Buy,60775,60770.138,61353.53132,59931.5101,1,25:06:00,0:01:00,46.9381087,146938.1087,210112.3529,1.92,292336.5614,2.88,395685.5702,3.84,520910.3836,4.8,666838.1327,5.76,829869.1329,6.72,1003703.741,7.68
6/30/2024 8:58,Sell,61555.6,61560.52445,60969.54341,62410.05969,-1,13:28:00,0:00:00,44.9103628,144910.3628,204313.2519,-2.76,280233.8278,-4.14,373843.7267,-5.52,484967.5672,-6.9,611623.9353,-8.28,749703.7746,-9.66,892894.8477,-11.04
,,,,,,,,,,44.9103628,104.3132519,,180.2338278,,273.8437267,,384.9675672,,511.6239353,,649.7037746,,792.8948477,
