Date,Start Date,End Date,NAV,Monthly ROI
2024-01-14,2024-01-14,2024-01-21,,-3.2638330999999887
2024-01-15,2024-01-14,2024-01-21,100081.8,-3.2638330999999887
2024-01-16,2024-01-14,2024-01-21,98780.7366,-3.2638330999999887
2024-01-17,2024-01-14,2024-01-21,97496.58702420001,-3.2638330999999887
2024-01-18,2024-01-14,2024-01-21,98861.53924253881,-3.2638330999999887
2024-01-19,2024-01-14,2024-01-21,100245.60079193435,-3.2638330999999887
2024-01-20,2024-01-14,2024-01-21,98942.4079816392,-3.2638330999999887
2024-01-22,2024-01-21,2024-01-28,,-3.2638330999999887
2024-01-23,2024-01-21,2024-01-28,99000.0,-3.2638330999999887
2024-01-24,2024-01-21,2024-01-28,98010.0,-3.2638330999999887
2024-01-25,2024-01-21,2024-01-28,99284.12999999999,-3.2638330999999887
2024-01-26,2024-01-21,2024-01-28,98291.28869999999,-3.2638330999999887
2024-01-27,2024-01-21,2024-01-28,97308.37581299999,-3.2638330999999887
2024-01-28,2024-01-28,2024-02-04,100000.0,-3.2638330999999887
2024-01-29,2024-01-28,2024-02-04,98900.0,-3.2638330999999887
2024-01-30,2024-01-28,2024-02-04,98900.0,-3.2638330999999887
2024-01-31,2024-01-28,2024-02-04,96736.16690000001,-3.2638330999999887
2024-02-01,2024-01-28,2024-02-04,96736.16690000001,-1.419325600000011
2024-02-02,2024-01-28,2024-02-04,96736.16690000001,-1.419325600000011
2024-02-03,2024-01-28,2024-02-04,96736.16690000001,-1.419325600000011
2024-02-05,2024-02-04,2024-02-11,,-1.419325600000011
2024-02-06,2024-02-04,2024-02-11,100000.0,-1.419325600000011
2024-02-07,2024-02-04,2024-02-11,100000.0,-1.419325600000011
2024-02-08,2024-02-04,2024-02-11,98700.0,-1.419325600000011
2024-02-09,2024-02-04,2024-02-11,98700.0,-1.419325600000011
2024-02-10,2024-02-04,2024-02-11,99687.0,-1.419325600000011
2024-02-11,2024-02-11,2024-02-18,,-1.419325600000011
2024-02-12,2024-02-11,2024-02-18,101400.0,-1.419325600000011
2024-02-13,2024-02-11,2024-02-18,101797.61382739457,-1.419325600000011
2024-02-14,2024-02-11,2024-02-18,103222.78042097809,-1.419325600000011
2024-02-15,2024-02-11,2024-02-18,102293.77539718928,-1.419325600000011
2024-02-16,2024-02-11,2024-02-18,101373.13141861458,-1.419325600000011
2024-02-17,2024-02-11,2024-02-18,100460.77323584704,-1.419325600000011
2024-02-18,2024-02-18,2024-02-25,,-1.419325600000011
2024-02-19,2024-02-18,2024-02-25,99991.9,-1.419325600000011
2024-02-20,2024-02-18,2024-02-25,99091.9729,-1.419325600000011
2024-02-21,2024-02-18,2024-02-25,99983.80065609998,-1.419325600000011
2024-02-22,2024-02-18,2024-02-25,99983.80065609998,-1.419325600000011
2024-02-23,2024-02-18,2024-02-25,99983.80065609998,-1.419325600000011
2024-02-24,2024-02-18,2024-02-25,99983.80065609998,-1.419325600000011
2024-02-25,2024-02-25,2024-03-03,,-1.419325600000011
2024-02-26,2024-02-25,2024-03-03,101400.0,-1.419325600000011
2024-02-27,2024-02-25,2024-03-03,99980.4,-1.419325600000011
2024-02-28,2024-02-25,2024-03-03,99980.4,-1.419325600000011
2024-02-29,2024-02-25,2024-03-03,98580.67439999999,-1.419325600000011
2024-03-01,2024-02-25,2024-03-03,99960.80384159999,
2024-03-02,2024-02-25,2024-03-03,99960.80384159999,
2024-03-03,2024-03-03,2024-03-10,,
2024-03-04,2024-03-03,2024-03-10,99100.0,
2024-03-05,2024-03-03,2024-03-10,99484.80529999999,
2024-03-06,2024-03-03,2024-03-10,100778.10776889998,
2024-03-07,2024-03-03,2024-03-10,100778.10776889998,
2024-03-08,2024-03-03,2024-03-10,100778.10776889998,
2024-03-10,2024-03-10,2024-03-17,,
2024-03-11,2024-03-10,2024-03-17,99100.0,
2024-03-12,2024-03-10,2024-03-17,98208.1,
2024-03-13,2024-03-10,2024-03-17,98394.79359809999,
2024-03-14,2024-03-10,2024-03-17,97509.2404557171,
2024-03-15,2024-03-10,2024-03-17,97509.2404557171,
2024-03-16,2024-03-10,2024-03-17,99666.242363838,
2024-03-17,2024-03-17,2024-03-24,,
2024-03-18,2024-03-17,2024-03-24,100781.13059999997,
2024-03-19,2024-03-17,2024-03-24,99370.19477159997,
2024-03-20,2024-03-17,2024-03-24,99370.19477159997,
2024-03-21,2024-03-17,2024-03-24,99370.19477159997,
2024-03-22,2024-03-17,2024-03-24,101568.36285014251,
2024-03-24,2024-03-24,2024-03-31,,
2024-03-25,2024-03-24,2024-03-31,97614.4,
2024-03-26,2024-03-24,2024-03-31,98186.81357480316,
2024-03-27,2024-03-24,2024-03-31,99070.49489697638,
2024-03-28,2024-03-24,2024-03-31,97881.64895821267,
2024-03-29,2024-03-24,2024-03-31,97577.43279325053,
2024-03-30,2024-03-24,2024-03-31,97577.43279325053,
2024-03-31,2024-03-31,2024-04-07,,
2024-04-01,2024-03-31,2024-04-07,100000.0,2.4143999999999943
2024-04-02,2024-03-31,2024-04-07,100000.0,2.4143999999999943
2024-04-03,2024-03-31,2024-04-07,100000.0,2.4143999999999943
2024-04-04,2024-03-31,2024-04-07,100386.0,2.4143999999999943
2024-04-05,2024-03-31,2024-04-07,100386.0,2.4143999999999943
2024-04-06,2024-03-31,2024-04-07,101791.404,2.4143999999999943
2024-04-07,2024-04-07,2024-04-14,,2.4143999999999943
2024-04-08,2024-04-07,2024-04-14,99100.0,2.4143999999999943
2024-04-09,2024-04-07,2024-04-14,100289.2,2.4143999999999943
2024-04-10,2024-04-07,2024-04-14,100289.2,2.4143999999999943
2024-04-11,2024-04-07,2024-04-14,99386.59719999999,2.4143999999999943
2024-04-12,2024-04-07,2024-04-14,101786.18720279679,2.4143999999999943
2024-04-13,2024-04-07,2024-04-14,101161.8278804816,2.4143999999999943
2024-04-14,2024-04-14,2024-04-21,101400.0,2.4143999999999943
2024-04-15,2024-04-14,2024-04-21,102819.6,2.4143999999999943
2024-04-16,2024-04-14,2024-04-21,101688.5844,2.4143999999999943
2024-04-17,2024-04-14,2024-04-21,101688.5844,2.4143999999999943
2024-04-18,2024-04-14,2024-04-21,99463.73986191241,2.4143999999999943
2024-04-19,2024-04-14,2024-04-21,98369.63872343137,2.4143999999999943
2024-04-20,2024-04-14,2024-04-21,99746.81366555941,2.4143999999999943
2024-04-21,2024-04-21,2024-04-28,,2.4143999999999943
2024-04-22,2024-04-21,2024-04-28,98700.0,2.4143999999999943
2024-04-23,2024-04-21,2024-04-28,97416.9,2.4143999999999943
2024-04-24,2024-04-21,2024-04-28,98585.9028,2.4143999999999943
2024-04-25,2024-04-21,2024-04-28,99768.9336336,2.4143999999999943
2024-04-26,2024-04-21,2024-04-28,99653.60074631956,2.4143999999999943
2024-04-27,2024-04-21,2024-04-28,100849.44395527539,2.4143999999999943
2024-04-28,2024-04-28,2024-05-05,,2.4143999999999943
2024-04-29,2024-04-28,2024-05-05,101200.0,2.4143999999999943
2024-04-30,2024-04-28,2024-05-05,102414.4,2.4143999999999943
2024-05-01,2024-04-28,2024-05-05,102414.4,1.3854971999999688
2024-05-02,2024-04-28,2024-05-05,102414.4,1.3854971999999688
2024-05-03,2024-04-28,2024-05-05,101946.74906129544,1.3854971999999688
2024-05-04,2024-04-28,2024-05-05,101946.74906129544,1.3854971999999688
2024-05-05,2024-05-05,2024-05-12,,1.3854971999999688
2024-05-06,2024-05-05,2024-05-12,99980.4,1.3854971999999688
2024-05-07,2024-05-05,2024-05-12,101380.1256,1.3854971999999688
2024-05-08,2024-05-05,2024-05-12,99960.8038416,1.3854971999999688
2024-05-09,2024-05-05,2024-05-12,101360.25509538241,1.3854971999999688
2024-05-10,2024-05-05,2024-05-12,99941.21152404706,1.3854971999999688
2024-05-11,2024-05-05,2024-05-12,98542.0345627104,1.3854971999999688
2024-05-12,2024-05-12,2024-05-19,,1.3854971999999688
2024-05-13,2024-05-12,2024-05-19,99100.0,1.3854971999999688
2024-05-14,2024-05-12,2024-05-19,98208.1,1.3854971999999688
2024-05-15,2024-05-12,2024-05-19,99190.18100000001,1.3854971999999688
2024-05-16,2024-05-12,2024-05-19,100182.08281,1.3854971999999688
2024-05-17,2024-05-12,2024-05-19,101183.9036381,1.3854971999999688
2024-05-18,2024-05-12,2024-05-19,100273.2485053571,1.3854971999999688
2024-05-19,2024-05-19,2024-05-26,,1.3854971999999688
2024-05-20,2024-05-19,2024-05-26,101400.0,1.3854971999999688
2024-05-21,2024-05-19,2024-05-26,100570.00997160001,1.3854971999999688
2024-05-22,2024-05-19,2024-05-26,100856.23221997918,1.3854971999999688
2024-05-23,2024-05-19,2024-05-26,102268.2194710589,1.3854971999999688
2024-05-24,2024-05-19,2024-05-26,102268.2194710589,1.3854971999999688
2024-05-25,2024-05-19,2024-05-26,102268.2194710589,1.3854971999999688
2024-05-26,2024-05-26,2024-06-02,,1.3854971999999688
2024-05-27,2024-05-26,2024-06-02,101299.99999999999,1.3854971999999688
2024-05-28,2024-05-26,2024-06-02,100084.39999999998,1.3854971999999688
2024-05-29,2024-05-26,2024-06-02,100084.39999999998,1.3854971999999688
2024-05-30,2024-05-26,2024-06-02,101385.49719999997,1.3854971999999688
2024-05-31,2024-05-26,2024-06-02,101385.49719999997,1.3854971999999688
2024-06-01,2024-05-26,2024-06-02,101385.49719999997,1.4693383414139534
2024-06-03,2024-06-02,2024-06-09,,1.4693383414139534
2024-06-04,2024-06-02,2024-06-09,100000.0,1.4693383414139534
2024-06-05,2024-06-02,2024-06-09,101400.0,1.4693383414139534
2024-06-06,2024-06-02,2024-06-09,100487.4,1.4693383414139534
2024-06-07,2024-06-02,2024-06-09,100487.4,1.4693383414139534
2024-06-10,2024-06-09,2024-06-16,,1.4693383414139534
2024-06-11,2024-06-09,2024-06-16,101400.0,1.4693383414139534
2024-06-12,2024-06-09,2024-06-16,98580.67439999999,1.4693383414139534
2024-06-13,2024-06-09,2024-06-16,98580.67439999999,1.4693383414139534
2024-06-14,2024-06-09,2024-06-16,101360.2550953824,1.4693383414139534
2024-06-16,2024-06-16,2024-06-23,,1.4693383414139534
2024-06-17,2024-06-16,2024-06-23,100081.8,1.4693383414139534
2024-06-18,2024-06-16,2024-06-23,102903.7064328,1.4693383414139534
2024-06-19,2024-06-16,2024-06-23,102903.7064328,1.4693383414139534
2024-06-20,2024-06-16,2024-06-23,102903.7064328,1.4693383414139534
2024-06-21,2024-06-16,2024-06-23,104344.3583228592,1.4693383414139534
2024-06-23,2024-06-23,2024-06-30,,1.4693383414139534
2024-06-24,2024-06-23,2024-06-30,101400.0,1.4693383414139534
2024-06-25,2024-06-23,2024-06-30,100487.4,1.4693383414139534
2024-06-26,2024-06-23,2024-06-30,98686.76627939999,1.4693383414139534
2024-06-27,2024-06-23,2024-06-30,100068.38100731159,1.4693383414139534
2024-06-28,2024-06-23,2024-06-30,100068.38100731159,1.4693383414139534
2024-06-29,2024-06-23,2024-06-30,101469.33834141395,1.4693383414139534
